jurisdiction,cultural,borders,gatherings,manufacturing,contact,leisure,eateries,schooling,stores,compiledate
Australia,3,2,2,3,3,4,3,3,3,2020-05-22
Austria,3,4,2,3,3,3,3,2,3,2020-05-22
Belgium,2,1,2,,3,3,2,2,3,2020-05-22
Chile,1,2,2,,1,1,,1,2,2020-05-22
CzechRepublic,3,3,3,3,4,4,3,3,3,2020-05-22
Denmark,3,2,3,3,4,3,3,3,3,2020-05-22
Estonia,3,2,3,4,4,3,2,2,4,2020-05-22
Finland,2,2,2,3,3,3,2,3,2,2020-05-22
France,1,2,2,3,3,2,1,2,2,2020-05-22
Germany,3,2,3,3,3,3,3,3,3,2020-05-22
Greece,3,2,2,,3,3,2,2,2,2020-05-22
Hungary,3,3,4,3,4,4,4,4,4,2020-05-22
Iceland,4,2,3,4,4,4,3,4,4,2020-05-22
Ireland,1,1,1,,1,3,1,1,2,2020-05-22
Israel,3,2,3,3,3,3,3,3,3,2020-05-22
Italy,3,2,2,4,3,2,3,1,3,2020-05-22
Japan,3,2,3,3,3,3,3,3,3,2020-05-22
Latvia,4,3,3,3,3,4,3,2,3,2020-05-22
Lithuania,4,3,3,3,4,4,4,3,3,2020-05-22
Luxembourg,3,1,3,,,3,3,3,,2020-05-22
Mexico,1,2,,3,1,1,,1,,2020-05-22
Netherlands,2,1,1,1,3,3,1,2,,2020-05-22
NewZealand,3,2,2,3,3,2,3,4,3,2020-05-22
Norway,2,2,2,3,3,3,3,4,3,2020-05-22
Poland,3,3,3,3,3,4,3,3,3,2020-05-22
Portugal,3,1,,,3,4,3,3,2,2020-05-22
Slovakia,4,3,3,3,4,4,4,3,4,2020-05-22
Slovenia,3,4,2,,4,2,4,2,3,2020-05-22
Spain,2,2,,4,3,2,2,1,3,2020-05-22
SouthKorea,4,3,4,4,4,4,4,3,4,2020-05-22
Sweden,4,2,4,4,4,4,3,4,4,2020-05-22
Switzerland,3,2,2,4,3,3,4,2,4,2020-05-22
Turkey,,3,,3,4,,,1,4,2020-05-22
UnitedKingdom,1,2,1,1,1,2,1,1,1,2020-05-22
Alberta,3,2,3,4,3,4,4,3,3,2020-06-11
Australia,3,2,2,4,3,3,3,4,3,2020-06-11
Austria,4,2,2,3,4,4,4,3,3,2020-06-11
Belgium,3,2,3,3,3,3,4,4,4,2020-06-11
BritishColumbia,3,2,2,3,3,2,3,2,3,2020-06-11
California,4,3,3,3,3,3,3,1,4,2020-06-11
Chile,1,2,2,,1,1,1,1,1,2020-06-11
CzechRepublic,4,3,4,4,4,4,3,4,4,2020-06-11
Denmark,4,3,3,4,4,4,3,3,4,2020-06-11
Estonia,4,3,3,4,4,4,4,3,4,2020-06-11
Finland,3,3,4,3,4,4,3,4,3,2020-06-11
France,3,2,2,4,3,2,3,3,3,2020-06-11
Germany,3,2,2,4,4,4,4,3,4,2020-06-11
Greece,3,2,2,,4,4,3,4,4,2020-06-11
Hungary,4,3,3,4,4,4,3,4,4,2020-06-11
Iceland,4,3,4,4,4,4,3,4,4,2020-06-11
Illinois,2,3,2,4,3,2,3,2,3,2020-06-11
Ireland,2,3,2,3,1,3,2,1,2,2020-06-11
Israel,3,2,3,4,4,3,3,4,4,2020-06-11
Italy,4,3,2,4,4,4,4,1,3,2020-06-11
Japan,4,3,4,4,4,3,4,3,4,2020-06-11
Latvia,4,3,3,3,3,3,3,3,4,2020-06-11
Lithuania,4,3,2,3,3,3,4,4,4,2020-06-11
Luxembourg,4,3,3,4,3,3,4,3,4,2020-06-11
Mexico,1,2,1,3,1,2,2,1,1,2020-06-11
Michigan,3,3,3,4,2,3,3,3,3,2020-06-11
Netherlands,4,3,2,4,3,3,4,2,3,2020-06-11
NewBrunswick,3,2,3,4,4,4,4,3,4,2020-06-11
NewYork,1,3,2,3,1,2,2,1,2,2020-06-11
NewZealand,4,2,5,4,4,4,4,4,4,2020-06-11
Norway,4,3,3,4,4,3,4,4,4,2020-06-11
Ontario,2,2,2,4,3,3,3,2,3,2020-06-11
Poland,4,3,3,4,4,4,4,3,4,2020-06-11
Portugal,4,3,2,4,4,4,4,2,3,2020-06-11
Quebec,3,2,2,3,3,2,2,2,3,2020-06-11
Slovakia,4,3,3,4,4,3,3,4,4,2020-06-11
Slovenia,4,3,3,3,4,4,4,4,4,2020-06-11
Spain,3,4,4,,4,4,4,4,4,2020-06-11
SouthKorea,4,2,4,4,3,4,3,2,3,2020-06-11
Sweden,4,3,3,4,4,4,4,4,4,2020-06-11
Switzerland,4,2,4,,4,4,4,4,4,2020-06-11
Texas,4,3,3,4,4,4,3,4,4,2020-06-11
Turkey,4,3,3,4,4,4,4,2,3,2020-06-11
UnitedKingdom,1,3,2,3,1,2,2,2,1,2020-06-11
Belgium,3,3,2,4,4,3,4,4,4,2020-06-19
France,3,3,2,4,3,3,3,3,3,2020-06-19
Germany,3,3,2,4,4,4,4,3,4,2020-06-19
Ireland,2,3,2,3,1,3,2,1,4,2020-06-19
Luxembourg,4,3,4,4,3,3,4,3,4,2020-06-19
Netherlands,4,3,2,4,3,4,4,4,4,2020-06-19
Portugal,4,3,2,4,4,4,4,2,3,2020-06-19
Spain,4,2,4,4,3,4,3,3,3,2020-06-19
UnitedKingdom,1,3,2,3,1,2,2,2,2,2020-06-19
CzechRepublic,4,3,4,4,4,4,4,3,4,2020-06-19
Hungary,4,3,3,4,4,4,4,4,4,2020-06-19
Latvia,4,3,4,4,4,4,4,3,4,2020-06-19
Lithuania,4,3,4,4,4,4,4,4,4,2020-06-19
Poland,4,3,3,4,4,4,4,3,4,2020-06-19
Slovakia,4,3,4,4,4,4,4,4,4,2020-06-19
Austria,4,3,3,4,4,4,4,3,4,2020-06-19
Greece,4,3,3,,4,4,4,4,4,2020-06-19
Italy,4,3,4,4,3,4,4,1,4,2020-06-19
Slovenia,4,3,4,,4,4,4,4,4,2020-06-19
Switzerland,4,3,4,,4,4,4,4,4,2020-06-19
Australia,3,2,3,4,3,3,3,4,3,2020-06-19
Israel,3,2,3,4,4,3,3,4,4,2020-06-19
Japan,4,3,4,4,4,3,4,3,4,2020-06-19
NewZealand,4,2,5,4,4,4,4,4,4,2020-06-19
SouthKorea,4,3,3,4,4,3,3,4,4,2020-06-19
Turkey,4,3,3,4,4,4,4,2,3,2020-06-19
Denmark,4,3,3,4,4,4,4,3,4,2020-06-19
Estonia,4,3,3,4,4,4,4,3,4,2020-06-19
Finland,4,3,4,4,4,4,3,4,4,2020-06-19
Iceland,4,3,4,4,4,4,4,4,4,2020-06-19
Norway,4,3,4,4,4,4,4,4,4,2020-06-19
Sweden,4,3,3,4,4,4,4,4,4,2020-06-19
Chile,1,2,2,,1,1,1,1,1,2020-06-19
Mexico,1,2,1,3,1,2,2,1,1,2020-06-19
California,4,3,3,4,3,3,3,1,4,2020-06-19
Illinois,2,3,2,4,3,2,3,2,3,2020-06-19
Michigan,3,3,3,4,3,3,3,3,3,2020-06-19
NewYork,1,3,2,3,1,2,2,1,2,2020-06-19
Texas,4,3,4,4,4,4,4,4,4,2020-06-19
Alberta,3,2,3,4,3,4,4,3,3,2020-06-19
BritishColumbia,3,2,2,3,3,2,4,2,3,2020-06-19
NewBrunswick,3,2,3,4,4,4,4,3,4,2020-06-19
Ontario,3,2,2,4,3,3,3,2,3,2020-06-19
Quebec,3,2,2,4,3,3,2,2,4,2020-06-19
Belgium,3,3,2,4,4,3,4,4,4,2020-06-26
France,4,3,2,4,4,4,4,5,4,2020-06-26
Germany,4,3,2,4,4,4,4,3,4,2020-06-26
Ireland,2,3,2,3,1,3,2,1,4,2020-06-26
Luxembourg,4,3,4,4,3,3,4,3,4,2020-06-26
Netherlands,4,3,2,4,3,4,4,4,4,2020-06-26
Portugal,4,3,2,4,4,4,4,2,3,2020-06-26
Spain,4,3,4,4,3,4,3,3,4,2020-06-26
UnitedKingdom,1,3,2,3,1,2,2,2,2,2020-06-26
CzechRepublic,4,3,4,4,4,4,4,3,4,2020-06-26
Hungary,4,3,4,4,4,4,4,4,4,2020-06-26
Latvia,4,3,4,4,4,4,4,3,4,2020-06-26
Lithuania,4,3,4,4,4,4,4,4,4,2020-06-26
Poland,4,3,3,4,4,4,4,3,4,2020-06-26
Slovakia,4,3,4,4,4,4,4,4,4,2020-06-26
Austria,4,3,3,4,4,4,4,3,4,2020-06-26
Greece,4,3,3,,4,4,4,4,4,2020-06-26
Italy,4,3,4,4,3,4,4,2,4,2020-06-26
Slovenia,4,3,4,,4,4,4,4,3,2020-06-26
Switzerland,4,3,4,,4,4,4,4,4,2020-06-26
Australia,3,2,3,4,3,3,3,4,3,2020-06-26
Israel,3,2,3,4,4,3,3,3,4,2020-06-26
Japan,4,3,4,4,4,3,4,3,4,2020-06-26
NewZealand,5,2,5,4,5,5,5,5,4,2020-06-26
SouthKorea,3,3,3,4,4,3,3,4,4,2020-06-26
Turkey,4,3,4,4,4,4,4,2,3,2020-06-26
Denmark,4,3,4,4,4,4,4,4,4,2020-06-26
Estonia,4,3,3,4,4,4,4,3,4,2020-06-26
Finland,4,3,4,4,4,4,4,4,4,2020-06-26
Iceland,4,3,4,4,4,4,4,4,4,2020-06-26
Norway,4,3,4,4,4,4,4,4,4,2020-06-26
Sweden,4,3,3,4,4,4,4,4,4,2020-06-26
Chile,1,2,2,,1,1,1,1,1,2020-06-26
Mexico,1,3,1,3,1,2,2,1,1,2020-06-26
California,4,3,3,4,3,3,3,3,4,2020-06-26
Illinois,3,3,3,4,3,3,3,3,3,2020-06-26
Michigan,3,3,3,4,3,3,3,3,3,2020-06-26
NewYork,1,3,2,3,3,2,3,1,3,2020-06-26
Texas,4,3,4,4,4,4,4,4,4,2020-06-26
Alberta,3,2,3,4,3,4,4,3,3,2020-06-26
BritishColumbia,3,2,2,3,3,3,4,2,3,2020-06-26
Manitoba,3,2,3,4,3,4,4,3,4,2020-06-26
NewBrunswick,4,2,3,4,4,4,4,3,4,2020-06-26
NewfoundlandAndLabrador,3,2,2,,4,4,3,3,4,2020-06-26
NorthwestTerritories,2,2,2,4,4,3,3,1,3,2020-06-26
NovaScotia,3,2,3,4,4,4,3,3,4,2020-06-26
Nunavut,3,2,2,4,3,3,3,2,4,2020-06-26
Ontario,3,2,2,4,3,3,3,2,3,2020-06-26
PrinceEdwardIsland,2,2,3,4,4,4,3,3,4,2020-06-26
Quebec,4,2,2,4,4,4,4,3,4,2020-06-26
Saskatchewan,2,2,2,4,4,3,3,3,4,2020-06-26
Yukon,2,2,2,4,4,2,3,1,2,2020-06-26
Belgium,4,3,4,4,4,4,4,4,4,2020-07-06
France,4,3,2,4,4,4,4,5,4,2020-07-06
Germany,4,3,2,4,4,4,4,3,4,2020-07-06
Ireland,4,3,3,3,4,4,4,3,4,2020-07-06
Luxembourg,4,3,4,4,3,3,4,3,4,2020-07-06
Netherlands,4,3,4,4,4,4,4,4,4,2020-07-06
Portugal,4,3,2,4,4,4,3,2,3,2020-07-06
Spain,4,3,4,4,4,4,4,3,4,2020-07-06
UnitedKingdom,4,3,2,4,3,3,4,2,3,2020-07-06
CzechRepublic,4,3,4,4,4,4,4,3,4,2020-07-06
Hungary,4,3,4,4,4,4,4,4,4,2020-07-06
Latvia,4,3,4,4,4,4,4,3,4,2020-07-06
Lithuania,4,3,4,4,4,4,4,4,4,2020-07-06
Poland,4,3,3,4,4,4,4,3,4,2020-07-06
Slovakia,4,3,4,4,4,4,4,4,4,2020-07-06
Austria,4,3,4,4,4,4,4,4,4,2020-07-06
Greece,4,3,3,,4,4,4,4,4,2020-07-06
Italy,4,3,4,4,4,4,4,2,4,2020-07-06
Slovenia,4,3,4,,4,4,4,4,4,2020-07-06
Switzerland,4,3,4,,4,4,4,4,4,2020-07-06
Australia,3,2,3,4,3,3,3,4,3,2020-07-06
Israel,3,2,3,4,4,3,3,3,4,2020-07-06
Japan,4,3,4,4,4,3,4,3,4,2020-07-06
NewZealand,5,2,5,4,5,5,5,5,4,2020-07-06
SouthKorea,3,3,3,4,4,3,3,4,4,2020-07-06
Turkey,4,3,4,4,4,4,4,2,3,2020-07-06
Denmark,4,3,4,4,4,4,4,4,4,2020-07-06
Estonia,4,3,4,4,4,4,4,4,4,2020-07-06
Finland,4,3,4,4,4,4,4,4,4,2020-07-06
Iceland,4,3,4,4,4,4,4,4,4,2020-07-06
Norway,4,3,4,4,4,4,4,4,4,2020-07-06
Sweden,4,3,3,4,4,4,4,4,4,2020-07-06
Chile,1,2,2,,1,1,1,1,1,2020-07-06
Mexico,1,3,1,3,1,2,2,1,1,2020-07-06
California,4,3,3,4,3,3,3,3,4,2020-07-06
Illinois,3,3,2,4,4,4,4,4,4,2020-07-06
Michigan,3,3,3,4,3,3,3,3,3,2020-07-06
NewYork,1,3,2,3,4,2,3,1,3,2020-07-06
Texas,4,3,4,4,4,4,3,4,4,2020-07-06
Alberta,3,2,4,4,3,4,4,3,3,2020-07-06
BritishColumbia,3,2,2,3,3,3,4,2,3,2020-07-06
Manitoba,3,2,3,4,3,4,4,3,4,2020-07-06
NewBrunswick,4,2,3,4,4,4,4,3,4,2020-07-06
NewfoundlandAndLabrador,3,2,2,4,4,4,3,3,4,2020-07-06
NorthwestTerritories,2,2,2,4,4,3,3,1,3,2020-07-06
NovaScotia,4,2,4,4,4,4,4,3,4,2020-07-06
Nunavut,3,2,3,4,3,3,3,3,4,2020-07-06
Ontario,3,2,2,4,3,3,3,2,3,2020-07-06
PrinceEdwardIsland,3,2,3,4,4,4,3,3,4,2020-07-06
Quebec,4,2,2,4,4,4,4,3,4,2020-07-06
Saskatchewan,4,2,2,4,4,4,4,3,4,2020-07-06
Yukon,2,2,2,4,4,3,4,1,2,2020-07-06
Belgium,4,3,4,4,4,4,4,4,4,2020-07-13
France,4,3,2,4,4,4,4,5,4,2020-07-13
Germany,4,3,2,4,4,4,4,3,4,2020-07-13
Ireland,4,3,3,3,4,4,4,3,4,2020-07-13
Luxembourg,4,3,4,4,3,3,4,3,4,2020-07-13
Netherlands,4,3,4,4,4,4,4,4,4,2020-07-13
Portugal,4,3,2,4,4,4,3,2,3,2020-07-13
Spain,4,3,4,4,4,4,4,3,4,2020-07-13
UnitedKingdom,4,3,2,4,4,3,4,2,3,2020-07-13
CzechRepublic,4,3,4,4,4,4,4,3,4,2020-07-13
Hungary,4,3,4,4,4,4,4,4,4,2020-07-13
Latvia,4,3,4,4,4,4,3,3,4,2020-07-13
Lithuania,4,3,4,4,4,4,4,4,4,2020-07-13
Poland,4,3,3,4,4,4,4,3,4,2020-07-13
Slovakia,4,3,4,4,4,4,4,4,4,2020-07-13
Austria,4,3,4,4,4,4,4,4,4,2020-07-13
Greece,4,3,3,,4,4,4,4,4,2020-07-13
Italy,4,3,4,4,4,4,4,2,4,2020-07-13
Slovenia,4,3,2,,4,4,4,4,4,2020-07-13
Switzerland,4,3,4,,4,4,4,4,4,2020-07-13
Australia,3,2,3,4,3,3,3,4,3,2020-07-13
Israel,2,2,2,4,4,3,3,3,4,2020-07-13
Japan,4,3,4,4,4,4,4,3,4,2020-07-13
NewZealand,5,2,5,4,5,5,5,5,4,2020-07-13
SouthKorea,3,3,3,4,4,3,3,4,4,2020-07-13
Turkey,4,3,4,4,4,4,4,2,3,2020-07-13
Denmark,4,3,4,4,4,4,4,4,4,2020-07-13
Estonia,4,3,4,4,4,4,4,4,4,2020-07-13
Finland,4,3,4,4,4,4,4,4,4,2020-07-13
Iceland,4,3,4,4,4,4,4,4,4,2020-07-13
Norway,4,3,4,4,4,4,4,4,4,2020-07-13
Sweden,4,3,3,4,4,4,4,4,4,2020-07-13
Chile,1,2,2,,1,1,1,1,1,2020-07-13
Mexico,1,3,1,3,1,2,2,1,1,2020-07-13
California,4,3,3,4,3,3,3,3,4,2020-07-13
Illinois,3,3,2,4,4,4,4,4,4,2020-07-13
Michigan,3,3,3,4,3,3,3,3,3,2020-07-13
NewYork,2,3,2,3,4,2,3,1,3,2020-07-13
Texas,4,3,4,4,4,4,3,4,4,2020-07-13
Alberta,3,2,4,4,3,4,4,3,3,2020-07-13
BritishColumbia,3,2,2,3,3,3,4,2,3,2020-07-13
Manitoba,3,2,3,4,3,4,4,3,4,2020-07-13
NewBrunswick,4,2,3,4,4,4,4,3,4,2020-07-13
NewfoundlandAndLabrador,3,2,2,4,4,4,3,3,4,2020-07-13
NorthwestTerritories,2,2,2,4,4,3,3,1,3,2020-07-13
NovaScotia,4,2,4,4,4,4,4,3,4,2020-07-13
Nunavut,3,2,3,4,3,3,3,3,4,2020-07-13
Ontario,3,2,2,4,3,3,3,2,3,2020-07-13
PrinceEdwardIsland,3,2,3,4,4,4,3,3,4,2020-07-13
Quebec,4,2,2,4,4,4,4,3,4,2020-07-13
Saskatchewan,4,2,2,4,4,4,4,3,4,2020-07-13
Yukon,2,2,2,4,4,3,4,1,2,2020-07-13
Belgium,4,3,4,4,4,4,4,4,4,2020-07-20
France,4,3,2,4,4,4,4,5,4,2020-07-20
Germany,4,3,2,4,4,4,4,3,4,2020-07-20
Ireland,3,3,3,3,4,4,4,3,4,2020-07-20
Luxembourg,4,3,2,4,3,3,4,3,4,2020-07-20
Netherlands,4,3,4,4,4,4,4,4,4,2020-07-20
Portugal,4,3,2,4,4,4,3,2,3,2020-07-20
Spain,4,3,4,4,4,4,4,3,4,2020-07-20
UnitedKingdom,4,3,2,4,4,3,4,3,3,2020-07-20
CzechRepublic,4,3,4,4,4,4,4,3,4,2020-07-20
Hungary,4,3,4,4,4,4,4,4,4,2020-07-20
Latvia,4,3,4,4,4,4,3,3,4,2020-07-20
Lithuania,4,3,4,4,4,4,4,4,4,2020-07-20
Poland,4,3,4,4,4,4,4,3,4,2020-07-20
Slovakia,4,3,4,4,4,4,4,4,4,2020-07-20
Austria,4,3,4,4,4,4,4,4,4,2020-07-20
Greece,4,3,3,,4,4,4,4,4,2020-07-20
Italy,4,3,4,4,4,4,4,2,4,2020-07-20
Slovenia,4,3,2,,4,4,4,4,4,2020-07-20
Switzerland,4,3,4,,4,4,4,4,4,2020-07-20
Australia,3,2,3,4,3,3,3,4,3,2020-07-20
Israel,2,2,2,4,2,3,2,3,3,2020-07-20
Japan,4,3,4,4,4,4,4,3,4,2020-07-20
NewZealand,5,2,5,4,5,5,5,5,4,2020-07-20
SouthKorea,3,3,3,4,4,3,3,4,4,2020-07-20
Turkey,4,3,4,4,4,4,4,2,3,2020-07-20
Denmark,4,3,4,4,4,4,4,4,4,2020-07-20
Estonia,4,3,4,4,4,4,4,4,4,2020-07-20
Finland,4,3,4,4,4,4,4,4,4,2020-07-20
Iceland,4,3,4,4,4,4,4,4,4,2020-07-20
Norway,4,3,4,4,4,4,4,4,4,2020-07-20
Sweden,4,3,3,4,4,4,4,4,4,2020-07-20
Chile,1,2,2,,1,1,1,1,1,2020-07-20
Mexico,1,3,1,3,1,2,2,1,1,2020-07-20
California,2,3,1,4,2,2,2,3,2,2020-07-20
Illinois,3,3,2,4,4,4,4,4,4,2020-07-20
Michigan,3,3,3,4,3,3,3,3,3,2020-07-20
NewYork,2,3,2,3,4,3,3,2,3,2020-07-20
Texas,4,3,4,4,4,4,3,4,4,2020-07-20
Alberta,3,2,4,4,3,4,4,3,3,2020-07-20
BritishColumbia,3,2,2,3,3,3,4,2,3,2020-07-20
Manitoba,3,2,3,4,3,4,4,3,4,2020-07-20
NewBrunswick,4,2,3,4,4,4,4,3,4,2020-07-20
NewfoundlandAndLabrador,3,2,2,4,4,4,3,3,4,2020-07-20
NorthwestTerritories,2,2,2,4,4,3,3,1,3,2020-07-20
NovaScotia,4,2,4,4,4,4,4,3,4,2020-07-20
Nunavut,3,2,3,4,3,3,4,3,4,2020-07-20
Ontario,3,2,2,4,3,3,3,2,3,2020-07-20
PrinceEdwardIsland,4,2,3,4,4,4,3,3,4,2020-07-20
Quebec,4,2,2,4,4,4,4,3,4,2020-07-20
Saskatchewan,4,2,2,4,4,4,4,3,4,2020-07-20
Yukon,3,2,2,4,4,3,4,1,2,2020-07-20
Belgium,4,3,4,4,4,4,4,4,4,2020-07-27
France,4,3,2,4,4,4,4,5,4,2020-07-27
Germany,4,3,2,4,4,4,4,3,4,2020-07-27
Ireland,3,3,3,3,4,4,4,3,4,2020-07-27
Luxembourg,4,3,2,4,3,3,4,3,4,2020-07-27
Netherlands,4,3,4,4,4,4,4,4,4,2020-07-27
Portugal,4,3,2,4,4,4,3,2,3,2020-07-27
Spain,4,3,4,4,4,4,4,3,4,2020-07-27
UnitedKingdom,4,3,2,4,4,4,4,3,4,2020-07-27
CzechRepublic,4,3,4,4,4,4,4,3,4,2020-07-27
Hungary,4,3,4,4,4,4,4,4,4,2020-07-27
Latvia,4,3,4,4,4,4,3,3,4,2020-07-27
Lithuania,4,3,4,4,4,4,4,4,4,2020-07-27
Poland,4,3,4,4,4,4,4,3,4,2020-07-27
Slovakia,4,3,4,4,4,4,4,4,4,2020-07-27
Austria,3,3,4,4,4,4,4,4,4,2020-07-27
Greece,4,3,3,,4,4,4,4,4,2020-07-27
Italy,4,3,4,4,4,4,4,2,4,2020-07-27
Slovenia,4,3,2,,4,4,4,4,4,2020-07-27
Switzerland,4,3,4,,4,4,4,4,4,2020-07-27
Australia,3,2,3,4,3,3,3,4,3,2020-07-27
Israel,2,2,2,4,2,3,3,3,2,2020-07-27
Japan,4,3,4,4,4,4,4,3,4,2020-07-27
NewZealand,5,2,5,4,5,5,5,5,4,2020-07-27
SouthKorea,3,3,3,4,4,3,3,4,4,2020-07-27
Turkey,4,3,4,4,4,4,4,2,3,2020-07-27
Denmark,4,3,4,4,4,4,4,4,4,2020-07-27
Estonia,4,3,4,4,4,4,4,4,4,2020-07-27
Finland,4,3,4,4,4,4,4,4,4,2020-07-27
Iceland,4,3,4,4,4,4,4,4,4,2020-07-27
Norway,4,3,4,4,4,4,4,4,4,2020-07-27
Sweden,4,3,3,4,4,4,4,4,4,2020-07-27
Chile,1,2,2,,1,1,1,1,1,2020-07-27
Mexico,1,3,1,3,1,2,2,1,1,2020-07-27
California,2,3,2,4,3,2,2,3,2,2020-07-27
Illinois,3,3,2,4,4,4,4,4,4,2020-07-27
Michigan,3,3,3,4,3,3,3,3,3,2020-07-27
NewYork,2,3,2,3,4,3,3,2,3,2020-07-27
Texas,4,3,4,4,4,4,3,4,4,2020-07-27
Alberta,3,2,4,4,3,4,4,5,3,2020-07-27
BritishColumbia,3,2,2,3,3,3,4,2,3,2020-07-27
Manitoba,4,2,3,4,3,4,4,3,4,2020-07-27
NewBrunswick,4,2,3,4,4,4,4,3,4,2020-07-27
NewfoundlandAndLabrador,3,2,2,4,4,4,3,3,4,2020-07-27
NorthwestTerritories,2,2,2,4,4,3,3,1,3,2020-07-27
NovaScotia,4,2,4,4,4,4,4,3,4,2020-07-27
Nunavut,3,2,3,4,3,3,4,3,4,2020-07-27
Ontario,3,2,2,4,3,3,3,2,3,2020-07-27
PrinceEdwardIsland,4,2,3,4,4,4,3,3,4,2020-07-27
Quebec,4,2,2,4,4,4,4,3,4,2020-07-27
Saskatchewan,4,2,2,4,4,4,4,3,4,2020-07-27
Yukon,3,2,2,4,4,3,4,1,2,2020-07-27
Belgium,4,3,3,4,4,4,4,4,3,2020-08-04
France,4,3,2,4,4,4,4,5,4,2020-08-04
Germany,4,3,2,4,4,4,4,3,4,2020-08-04
Ireland,3,3,3,3,4,4,4,3,4,2020-08-04
Luxembourg,4,3,2,4,3,3,4,3,4,2020-08-04
Netherlands,4,3,4,4,4,4,4,4,4,2020-08-04
Portugal,4,3,2,4,4,4,3,2,3,2020-08-04
Spain,4,3,4,4,4,4,4,3,4,2020-08-04
UnitedKingdom,4,3,2,4,4,4,4,3,4,2020-08-04
CzechRepublic,4,3,4,4,4,4,4,3,4,2020-08-04
Hungary,4,3,4,4,4,4,4,4,4,2020-08-04
Latvia,4,3,4,4,4,4,3,3,4,2020-08-04
Lithuania,4,3,4,4,4,4,4,4,4,2020-08-04
Poland,4,3,4,4,4,4,4,3,4,2020-08-04
Slovakia,4,3,4,4,4,4,4,4,4,2020-08-04
Austria,3,3,4,4,4,4,4,4,4,2020-08-04
Greece,4,3,3,,4,4,4,4,4,2020-08-04
Italy,4,3,4,4,4,4,4,2,4,2020-08-04
Slovenia,4,3,2,,4,4,4,4,4,2020-08-04
Switzerland,4,3,4,,4,4,4,4,4,2020-08-04
Australia,3,2,2,4,3,3,3,3,3,2020-08-04
Israel,2,2,2,4,2,3,3,3,2,2020-08-04
Japan,4,3,4,4,4,4,4,3,4,2020-08-04
NewZealand,5,2,5,4,5,5,5,5,4,2020-08-04
SouthKorea,3,3,4,4,4,3,3,4,4,2020-08-04
Turkey,4,3,4,4,4,4,4,2,3,2020-08-04
Denmark,4,3,4,4,4,4,4,4,4,2020-08-04
Estonia,4,3,4,4,4,4,4,4,4,2020-08-04
Finland,4,3,4,4,4,4,4,4,4,2020-08-04
Iceland,4,3,3,4,4,4,4,4,4,2020-08-04
Norway,4,3,4,4,4,4,4,4,4,2020-08-04
Sweden,4,3,3,4,4,4,4,4,4,2020-08-04
Chile,1,2,2,,1,1,1,1,1,2020-08-04
Mexico,1,3,1,3,1,2,2,1,1,2020-08-04
California,2,3,2,4,3,2,2,3,2,2020-08-04
Illinois,3,3,2,4,4,4,4,4,4,2020-08-04
Michigan,3,3,3,4,3,3,3,3,3,2020-08-04
NewYork,2,3,2,3,4,3,3,2,3,2020-08-04
Texas,4,3,4,4,4,4,3,4,4,2020-08-04
Alberta,3,2,4,4,3,4,4,5,3,2020-08-04
BritishColumbia,3,2,2,3,3,3,4,2,3,2020-08-04
Manitoba,4,2,3,4,3,4,4,3,4,2020-08-04
NewBrunswick,4,2,3,4,4,4,4,3,4,2020-08-04
NewfoundlandAndLabrador,3,2,2,4,4,4,3,3,4,2020-08-04
NorthwestTerritories,2,2,2,4,4,3,3,1,3,2020-08-04
NovaScotia,4,2,4,4,4,4,4,3,4,2020-08-04
Nunavut,3,2,3,4,3,3,4,3,4,2020-08-04
Ontario,3,2,2,4,3,3,3,2,3,2020-08-04
PrinceEdwardIsland,4,2,3,4,4,4,3,3,4,2020-08-04
Quebec,4,2,4,4,4,4,4,3,4,2020-08-04
Saskatchewan,4,2,2,4,4,4,4,3,4,2020-08-04
Yukon,3,2,3,4,4,3,4,1,2,2020-08-04
Belgium,4,3,3,4,4,4,4,4,3,2020-08-10
France,4,3,2,4,4,4,4,5,4,2020-08-10
Germany,4,3,2,4,4,4,4,4,4,2020-08-10
Ireland,3,3,3,3,4,4,4,3,4,2020-08-10
Luxembourg,4,3,2,4,3,3,4,3,4,2020-08-10
Netherlands,4,3,4,4,4,4,4,4,4,2020-08-10
Portugal,4,3,2,4,4,4,3,2,3,2020-08-10
Spain,4,3,4,4,4,4,4,3,4,2020-08-10
UnitedKingdom,4,3,2,4,4,4,4,3,4,2020-08-10
CzechRepublic,4,3,4,4,4,4,4,3,4,2020-08-10
Hungary,4,3,4,4,4,4,4,4,4,2020-08-10
Latvia,4,3,4,4,4,4,3,3,4,2020-08-10
Lithuania,4,3,4,4,4,4,4,4,4,2020-08-10
Poland,4,3,4,4,4,4,4,3,4,2020-08-10
Slovakia,4,3,4,4,4,4,4,4,4,2020-08-10
Austria,3,3,4,4,4,4,4,4,4,2020-08-10
Greece,4,3,3,,4,4,4,4,4,2020-08-10
Italy,4,3,4,4,4,4,4,4,4,2020-08-10
Slovenia,4,3,2,,4,4,4,4,4,2020-08-10
Switzerland,4,3,4,,4,4,4,4,4,2020-08-10
Australia,3,2,2,4,3,3,3,3,3,2020-08-10
Israel,2,2,2,4,2,3,3,3,3,2020-08-10
Japan,4,3,4,4,4,4,4,3,4,2020-08-10
NewZealand,5,2,5,4,5,5,5,5,4,2020-08-10
SouthKorea,3,3,4,4,4,3,3,4,4,2020-08-10
Turkey,4,3,4,4,4,4,4,2,3,2020-08-10
Denmark,4,3,4,4,4,4,4,4,4,2020-08-10
Estonia,4,3,4,4,4,4,4,4,4,2020-08-10
Finland,4,3,4,4,4,4,4,4,4,2020-08-10
Iceland,4,3,3,4,4,4,4,4,4,2020-08-10
Norway,4,3,4,4,4,4,4,4,4,2020-08-10
Sweden,4,3,3,4,4,4,4,4,4,2020-08-10
Chile,1,2,2,,1,1,1,1,1,2020-08-10
Mexico,1,3,1,3,1,2,2,1,1,2020-08-10
California,2,3,2,4,3,2,2,3,2,2020-08-10
Illinois,3,3,2,4,4,4,4,4,4,2020-08-10
Michigan,3,3,3,4,3,3,3,3,3,2020-08-10
NewYork,2,3,2,3,4,3,3,2,3,2020-08-10
Texas,4,3,4,4,4,4,3,4,4,2020-08-10
Alberta,3,2,4,4,3,4,4,5,3,2020-08-10
BritishColumbia,3,2,2,3,3,3,4,2,3,2020-08-10
Manitoba,4,2,3,4,3,4,4,3,4,2020-08-10
NewBrunswick,4,2,3,4,4,4,4,3,4,2020-08-10
NewfoundlandAndLabrador,4,2,2,4,4,4,3,3,4,2020-08-10
NorthwestTerritories,2,2,2,4,4,3,3,1,3,2020-08-10
NovaScotia,4,2,4,4,4,4,4,3,4,2020-08-10
Nunavut,3,2,3,4,3,3,4,4,4,2020-08-10
Ontario,4,2,3,4,4,4,3,2,4,2020-08-10
PrinceEdwardIsland,4,2,3,4,4,4,3,3,4,2020-08-10
Quebec,4,2,4,4,4,4,4,3,4,2020-08-10
Saskatchewan,4,2,2,4,4,4,4,3,4,2020-08-10
Yukon,3,2,3,4,4,3,4,1,2,2020-08-10
Belgium,4,3,3,4,4,4,4,4,3,2020-08-17
France,4,3,2,4,4,4,4,5,4,2020-08-17
Germany,4,3,2,4,4,4,4,4,4,2020-08-17
Ireland,3,3,3,3,4,4,4,3,4,2020-08-17
Luxembourg,4,3,2,4,3,3,4,3,4,2020-08-17
Netherlands,4,3,4,4,4,4,4,4,4,2020-08-17
Portugal,4,3,2,4,4,4,3,2,3,2020-08-17
Spain,4,3,4,4,4,4,4,4,4,2020-08-17
UnitedKingdom,4,3,2,4,4,4,4,3,4,2020-08-17
CzechRepublic,4,3,4,4,4,4,4,4,4,2020-08-17
Hungary,4,3,4,4,4,4,4,4,4,2020-08-17
Latvia,4,3,4,4,4,4,4,3,4,2020-08-17
Lithuania,4,3,4,4,4,4,4,4,4,2020-08-17
Poland,4,3,4,4,4,4,4,3,4,2020-08-17
Slovakia,4,3,4,4,4,4,4,4,4,2020-08-17
Austria,3,3,4,4,4,4,4,4,4,2020-08-17
Greece,4,3,2,,4,4,4,4,4,2020-08-17
Italy,4,3,4,4,4,4,4,4,4,2020-08-17
Slovenia,4,3,2,,4,4,4,4,4,2020-08-17
Switzerland,4,3,4,,4,4,4,4,4,2020-08-17
Australia,3,2,2,4,3,3,3,3,3,2020-08-17
Israel,2,2,2,4,2,3,3,3,3,2020-08-17
Japan,4,3,4,4,4,4,4,3,4,2020-08-17
NewZealand,4,2,3,4,4,3,3,4,4,2020-08-17
SouthKorea,3,3,3,4,4,3,3,4,4,2020-08-17
Turkey,4,3,4,4,4,4,4,2,3,2020-08-17
Denmark,4,3,4,4,4,4,4,4,4,2020-08-17
Estonia,4,3,4,4,4,4,4,4,4,2020-08-17
Finland,4,3,4,4,4,4,4,4,4,2020-08-17
Iceland,4,3,3,4,4,4,4,4,4,2020-08-17
Norway,4,3,4,4,4,4,4,4,4,2020-08-17
Sweden,4,3,3,4,4,4,4,4,4,2020-08-17
Chile,1,2,2,,1,1,1,1,1,2020-08-17
Mexico,1,3,1,3,1,2,2,1,1,2020-08-17
California,2,3,2,4,3,2,2,3,2,2020-08-17
Illinois,3,3,2,4,4,4,4,4,4,2020-08-17
Michigan,3,3,3,4,3,3,3,3,3,2020-08-17
NewYork,2,3,2,3,4,3,3,2,3,2020-08-17
Texas,4,3,4,4,4,4,3,4,4,2020-08-17
Alberta,3,2,4,4,3,4,4,5,3,2020-08-17
BritishColumbia,3,2,2,3,3,3,4,2,3,2020-08-17
Manitoba,4,2,3,4,3,4,4,3,4,2020-08-17
NewBrunswick,4,2,3,4,4,4,4,4,4,2020-08-17
NewfoundlandAndLabrador,4,2,2,4,4,4,3,3,4,2020-08-17
NorthwestTerritories,2,2,2,4,4,3,3,1,3,2020-08-17
NovaScotia,4,2,4,4,4,4,4,3,4,2020-08-17
Nunavut,3,2,3,4,3,3,4,4,4,2020-08-17
Ontario,4,2,3,4,4,4,3,2,4,2020-08-17
PrinceEdwardIsland,4,2,3,4,4,4,3,3,4,2020-08-17
Quebec,4,2,4,4,4,4,4,4,4,2020-08-17
Saskatchewan,4,2,2,4,4,4,4,3,4,2020-08-17
Yukon,3,2,3,4,4,3,4,1,2,2020-08-17
Belgium,4,3,4,4,4,4,4,4,3,2020-08-24
France,4,3,2,4,4,4,4,5,4,2020-08-24
Germany,4,3,2,4,4,4,4,4,4,2020-08-24
Ireland,3,3,2,3,4,4,4,3,4,2020-08-24
Luxembourg,4,3,2,4,3,3,4,3,4,2020-08-24
Netherlands,4,3,2,4,4,4,4,4,4,2020-08-24
Portugal,4,3,2,4,4,4,3,2,3,2020-08-24
Spain,4,3,4,4,4,4,4,4,4,2020-08-24
UnitedKingdom,4,3,2,4,4,4,4,3,4,2020-08-24
CzechRepublic,4,3,4,4,4,4,4,4,4,2020-08-24
Hungary,4,3,4,4,4,4,4,4,4,2020-08-24
Latvia,4,3,4,4,4,4,4,4,4,2020-08-24
Lithuania,4,3,4,4,4,4,4,4,4,2020-08-24
Poland,4,3,4,4,4,4,4,4,4,2020-08-24
Slovakia,4,3,4,4,4,4,4,4,4,2020-08-24
Austria,3,3,4,4,4,4,4,4,4,2020-08-24
Greece,4,3,2,,4,4,4,4,4,2020-08-24
Italy,4,3,4,4,4,4,4,4,4,2020-08-24
Slovenia,4,3,2,,4,4,4,4,4,2020-08-24
Switzerland,4,3,4,,4,4,4,4,4,2020-08-24
Australia,3,2,2,4,3,3,3,3,3,2020-08-24
Israel,2,2,2,4,2,3,3,3,3,2020-08-24
Japan,4,3,4,4,4,4,4,3,4,2020-08-24
NewZealand,4,2,3,4,4,3,3,4,4,2020-08-24
SouthKorea,2,3,3,4,4,3,3,3,4,2020-08-24
Turkey,4,3,4,4,4,4,4,2,3,2020-08-24
Denmark,4,3,4,4,4,4,4,4,4,2020-08-24
Estonia,4,3,4,4,4,4,4,4,4,2020-08-24
Finland,4,3,4,4,4,4,4,4,4,2020-08-24
Iceland,4,3,3,4,4,4,4,4,4,2020-08-24
Norway,4,3,4,4,4,4,4,4,4,2020-08-24
Sweden,4,3,3,4,4,4,4,4,4,2020-08-24
Chile,1,2,2,,1,1,1,1,1,2020-08-24
Mexico,1,3,1,3,1,2,2,1,1,2020-08-24
California,2,3,2,4,3,2,2,3,2,2020-08-24
Illinois,4,3,2,4,4,4,4,4,4,2020-08-24
Michigan,3,3,3,4,3,3,3,3,3,2020-08-24
NewYork,3,3,2,4,4,4,3,2,3,2020-08-24
Texas,4,3,4,4,4,4,3,4,4,2020-08-24
Alberta,3,2,4,4,3,4,4,5,3,2020-08-24
BritishColumbia,3,2,2,3,3,3,4,2,3,2020-08-24
Manitoba,4,2,3,4,3,4,4,3,4,2020-08-24
NewBrunswick,4,2,3,4,4,4,4,4,4,2020-08-24
NewfoundlandAndLabrador,4,2,3,4,4,4,3,3,4,2020-08-24
NorthwestTerritories,2,2,2,4,4,3,3,1,3,2020-08-24
NovaScotia,4,2,4,4,4,4,4,4,4,2020-08-24
Nunavut,3,2,3,4,3,3,4,4,4,2020-08-24
Ontario,4,2,3,4,4,4,3,2,4,2020-08-24
PrinceEdwardIsland,4,2,3,4,4,4,3,3,4,2020-08-24
Quebec,4,2,4,4,4,4,4,4,4,2020-08-24
Saskatchewan,4,2,2,4,4,4,4,3,4,2020-08-24
Yukon,3,2,3,4,4,3,4,3,2,2020-08-24
Belgium,4,3,4,4,4,4,4,4,3,2020-08-28
France,4,3,2,4,4,4,4,5,4,2020-08-28
Germany,4,3,4,4,4,4,4,4,4,2020-08-28
Ireland,3,3,2,3,4,4,4,3,4,2020-08-28
Luxembourg,4,3,2,4,3,3,4,3,4,2020-08-28
Netherlands,4,3,3,4,4,4,4,4,4,2020-08-28
Portugal,4,3,2,4,4,4,3,3,3,2020-08-28
Spain,4,3,4,4,4,4,4,4,4,2020-08-28
UnitedKingdom,4,3,2,4,4,4,4,3,4,2020-08-28
CzechRepublic,4,3,4,4,4,4,4,4,4,2020-08-28
Hungary,4,3,4,4,4,4,4,4,4,2020-08-28
Latvia,4,3,4,4,4,4,4,4,4,2020-08-28
Lithuania,4,3,4,4,4,4,4,4,4,2020-08-28
Poland,4,3,4,4,4,4,4,4,4,2020-08-28
Slovakia,4,3,4,4,4,4,4,4,4,2020-08-28
Austria,3,3,4,4,4,4,4,4,4,2020-08-28
Greece,4,3,2,,4,4,4,4,4,2020-08-28
Italy,4,3,4,4,4,4,4,4,4,2020-08-28
Slovenia,4,3,2,,4,4,4,4,4,2020-08-28
Switzerland,4,3,4,,4,4,4,4,4,2020-08-28
Australia,3,2,2,4,3,3,3,3,3,2020-08-28
Israel,2,2,2,4,2,3,3,3,3,2020-08-28
Japan,4,3,4,4,4,4,4,3,4,2020-08-28
NewZealand,4,2,3,4,4,3,3,4,4,2020-08-28
SouthKorea,2,3,3,4,4,3,3,3,4,2020-08-28
Turkey,4,3,4,4,4,4,4,2,3,2020-08-28
Denmark,4,3,4,4,4,4,4,4,4,2020-08-28
Estonia,4,3,4,4,4,4,4,4,4,2020-08-28
Finland,4,3,4,4,4,4,4,4,4,2020-08-28
Iceland,4,3,3,4,4,4,4,4,4,2020-08-28
Norway,4,3,4,4,4,4,4,4,4,2020-08-28
Sweden,4,3,3,4,4,4,4,4,4,2020-08-28
Chile,1,2,2,,1,1,1,1,1,2020-08-28
Mexico,1,3,1,3,1,2,2,1,1,2020-08-28
California,2,3,2,4,3,2,2,3,2,2020-08-28
Illinois,4,3,2,4,4,4,4,4,4,2020-08-28
Michigan,3,3,3,4,3,3,3,3,3,2020-08-28
NewYork,3,3,2,4,4,4,3,2,3,2020-08-28
Texas,4,3,4,4,4,4,3,4,4,2020-08-28
Alberta,3,2,4,4,3,4,4,5,3,2020-08-28
BritishColumbia,3,2,2,3,3,3,3,2,4,2020-08-28
Manitoba,4,2,2,4,4,4,4,3,4,2020-08-28
NewBrunswick,4,2,3,4,4,4,4,4,4,2020-08-28
NewfoundlandAndLabrador,4,2,3,4,4,4,3,3,4,2020-08-28
NorthwestTerritories,2,2,2,4,4,3,3,1,3,2020-08-28
NovaScotia,4,2,4,4,4,4,4,4,4,2020-08-28
Nunavut,3,2,3,4,3,3,4,4,4,2020-08-28
Ontario,4,2,3,4,4,4,3,2,4,2020-08-28
PrinceEdwardIsland,4,2,3,4,4,4,3,3,4,2020-08-28
Quebec,4,2,4,4,4,4,4,4,4,2020-08-28
Saskatchewan,4,2,2,4,4,4,4,3,4,2020-08-28
Yukon,3,2,3,4,4,3,4,3,2,2020-08-28
Belgium,4,3,4,4,4,4,4,5,3,2020-09-10
France,4,3,2,4,4,4,4,5,4,2020-09-10
Germany,4,3,4,4,4,4,4,4,4,2020-09-10
Ireland,3,3,2,3,4,4,4,3,4,2020-09-10
Luxembourg,4,3,2,4,3,3,4,3,4,2020-09-10
Netherlands,4,3,3,4,4,4,4,4,4,2020-09-10
Portugal,4,3,2,4,4,4,3,3,3,2020-09-10
Spain,4,3,2,4,4,4,2,4,4,2020-09-10
UnitedKingdom,4,3,2,4,4,4,4,3,4,2020-09-10
CzechRepublic,4,3,4,4,4,4,4,4,4,2020-09-10
Hungary,4,2,4,4,4,4,4,4,4,2020-09-10
Latvia,4,3,4,4,4,4,4,4,4,2020-09-10
Lithuania,4,3,4,4,4,4,4,4,4,2020-09-10
Poland,4,3,4,4,4,4,4,4,4,2020-09-10
Slovakia,4,3,4,4,4,4,4,4,4,2020-09-10
Austria,3,3,4,4,4,4,4,4,4,2020-09-10
Greece,4,3,2,,4,4,4,4,4,2020-09-10
Italy,4,3,4,4,4,4,4,4,4,2020-09-10
Slovenia,4,3,2,,4,4,4,4,4,2020-09-10
Switzerland,4,3,4,,4,4,4,4,4,2020-09-10
Australia,3,2,2,4,3,3,3,3,3,2020-09-10
Israel,2,2,2,4,2,3,3,3,3,2020-09-10
Japan,4,3,4,4,4,4,4,3,4,2020-09-10
NewZealand,4,2,3,4,4,3,3,4,4,2020-09-10
SouthKorea,2,3,3,4,4,3,3,2,3,2020-09-10
Turkey,4,3,4,4,4,4,4,2,3,2020-09-10
Denmark,4,3,3,4,4,4,4,4,4,2020-09-10
Estonia,4,3,4,4,4,4,4,4,4,2020-09-10
Finland,4,3,4,4,4,4,4,4,4,2020-09-10
Iceland,4,3,4,4,4,4,4,4,4,2020-09-10
Norway,4,3,4,4,4,4,4,4,4,2020-09-10
Sweden,4,3,3,4,4,4,4,4,4,2020-09-10
Chile,1,2,2,,1,1,1,1,1,2020-09-10
Mexico,1,3,1,3,1,2,2,1,1,2020-09-10
California,2,3,2,4,3,3,2,2,3,2020-09-10
Illinois,4,3,2,4,4,4,3,4,4,2020-09-10
Michigan,3,3,3,4,3,4,3,3,3,2020-09-10
NewYork,3,3,2,4,4,4,3,2,3,2020-09-10
Texas,4,3,4,4,4,4,3,4,4,2020-09-10
Alberta,3,2,4,4,3,4,4,4,3,2020-09-10
BritishColumbia,3,2,2,3,3,3,3,4,4,2020-09-10
Manitoba,4,2,2,4,4,4,4,3,4,2020-09-10
NewBrunswick,4,2,3,4,4,4,4,4,4,2020-09-10
NewfoundlandAndLabrador,4,2,3,4,4,4,3,4,4,2020-09-10
NorthwestTerritories,2,2,2,4,4,3,3,3,3,2020-09-10
NovaScotia,4,2,4,4,4,4,4,4,4,2020-09-10
Nunavut,3,2,3,4,3,3,4,4,4,2020-09-10
Ontario,4,2,3,4,4,4,3,4,4,2020-09-10
PrinceEdwardIsland,4,2,3,4,4,4,3,4,4,2020-09-10
Quebec,4,2,4,4,4,4,4,4,4,2020-09-10
Saskatchewan,4,2,2,4,4,4,4,3,4,2020-09-10
Yukon,3,2,3,4,4,3,4,3,2,2020-09-10
Belgium,4,3,4,4,4,4,4,5,3,2020-09-22
France,4,3,2,4,4,4,4,5,4,2020-09-22
Germany,4,3,4,4,4,4,4,4,4,2020-09-22
Ireland,3,3,2,3,4,4,4,3,4,2020-09-22
Luxembourg,4,3,2,4,3,3,4,3,4,2020-09-22
Netherlands,4,3,3,4,4,4,4,4,4,2020-09-22
Portugal,4,3,2,4,4,4,3,3,3,2020-09-22
Spain,4,3,2,4,4,4,2,4,4,2020-09-22
UnitedKingdom,4,3,2,4,4,4,4,4,4,2020-09-22
CzechRepublic,4,3,4,4,4,4,4,4,4,2020-09-22
Hungary,4,2,4,4,4,4,4,4,4,2020-09-22
Latvia,4,3,4,4,4,4,4,4,4,2020-09-22
Lithuania,4,3,4,4,4,4,4,4,4,2020-09-22
Poland,4,3,4,4,4,4,4,4,4,2020-09-22
Slovakia,4,3,4,4,4,4,4,4,4,2020-09-22
Austria,3,3,3,4,4,4,4,4,3,2020-09-22
Greece,4,3,2,,4,4,4,4,4,2020-09-22
Italy,4,3,4,4,4,4,4,4,4,2020-09-22
Slovenia,4,3,2,,4,4,4,4,4,2020-09-22
Switzerland,4,3,4,,4,4,4,4,4,2020-09-22
Australia,3,2,2,4,3,3,3,4,3,2020-09-22
Israel,1,2,2,4,1,1,1,1,2,2020-09-22
Japan,4,3,4,4,4,4,4,3,4,2020-09-22
NewZealand,4,2,4,4,4,4,4,4,4,2020-09-22
SouthKorea,2,3,3,4,4,3,3,3,3,2020-09-22
Turkey,4,3,4,4,4,4,4,2,3,2020-09-22
Denmark,4,3,3,4,4,4,4,4,4,2020-09-22
Estonia,4,3,4,4,4,4,4,4,4,2020-09-22
Finland,4,3,4,4,4,4,4,4,4,2020-09-22
Iceland,4,3,4,4,4,4,4,4,4,2020-09-22
Norway,4,3,4,4,4,4,4,4,4,2020-09-22
Sweden,4,3,3,4,4,4,4,4,4,2020-09-22
Chile,1,2,2,,1,1,1,1,1,2020-09-22
Mexico,2,3,2,4,3,2,2,1,3,2020-09-22
California,2,3,2,4,3,3,3,2,3,2020-09-22
Illinois,4,3,2,4,4,4,3,4,4,2020-09-22
Michigan,3,3,3,4,3,4,3,3,3,2020-09-22
NewYork,3,3,2,4,4,4,3,2,3,2020-09-22
Texas,4,3,4,4,4,4,3,4,4,2020-09-22
Alberta,3,2,4,4,3,4,4,4,3,2020-09-22
BritishColumbia,3,2,2,3,3,3,3,4,4,2020-09-22
Manitoba,4,2,2,4,4,4,4,3,4,2020-09-22
NewBrunswick,4,2,3,4,4,4,4,4,4,2020-09-22
NewfoundlandAndLabrador,4,2,3,4,4,4,3,4,4,2020-09-22
NorthwestTerritories,2,2,2,4,4,3,3,3,3,2020-09-22
NovaScotia,4,2,4,4,4,4,4,4,4,2020-09-22
Nunavut,3,2,3,4,3,3,4,4,4,2020-09-22
Ontario,4,2,2,4,4,4,3,4,4,2020-09-22
PrinceEdwardIsland,4,2,3,4,4,4,3,4,4,2020-09-22
Quebec,4,2,4,4,4,4,4,4,4,2020-09-22
Saskatchewan,4,2,2,4,4,4,4,3,4,2020-09-22
Yukon,3,2,3,4,4,3,4,3,2,2020-09-22
Belgium,4,3,3,4,4,4,4,5,3,2020-09-28
France,4,3,2,4,4,4,3,5,4,2020-09-28
Germany,4,3,4,4,4,4,4,4,4,2020-09-28
Ireland,4,3,2,4,4,4,4,4,4,2020-09-28
Luxembourg,4,3,2,4,3,3,4,3,4,2020-09-28
Netherlands,4,3,3,4,4,4,4,4,4,2020-09-28
Portugal,4,3,2,4,4,4,3,3,3,2020-09-28
Spain,4,3,2,4,4,4,2,4,4,2020-09-28
UnitedKingdom,4,3,2,4,4,4,3,4,4,2020-09-28
CzechRepublic,4,3,3,4,4,4,3,4,4,2020-09-28
Hungary,4,2,4,4,4,4,4,4,4,2020-09-28
Latvia,4,3,4,4,4,4,4,4,4,2020-09-28
Lithuania,4,3,4,4,4,4,4,4,4,2020-09-28
Poland,4,3,4,4,4,4,4,4,4,2020-09-28
Slovakia,4,3,4,4,4,4,4,4,4,2020-09-28
Austria,3,3,3,4,4,4,4,4,3,2020-09-28
Greece,4,3,2,,4,4,4,4,4,2020-09-28
Italy,4,3,4,4,4,4,4,4,4,2020-09-28
Slovenia,4,3,2,,4,4,4,4,4,2020-09-28
Switzerland,4,3,4,,4,4,4,4,4,2020-09-28
Australia,3,2,3,4,3,3,3,4,3,2020-09-28
Israel,1,2,2,4,1,1,1,1,1,2020-09-28
Japan,4,3,4,4,4,4,4,3,4,2020-09-28
NewZealand,4,2,4,4,4,4,4,4,4,2020-09-28
SouthKorea,2,3,3,4,4,3,3,3,3,2020-09-28
Turkey,4,3,4,4,4,4,4,2,3,2020-09-28
Denmark,4,3,3,4,4,4,4,4,4,2020-09-28
Estonia,4,3,4,4,4,4,4,4,4,2020-09-28
Finland,4,3,4,4,4,4,4,4,4,2020-09-28
Iceland,4,3,4,4,4,4,4,4,4,2020-09-28
Norway,4,3,4,4,4,4,4,4,4,2020-09-28
Sweden,4,3,3,4,4,4,4,4,4,2020-09-28
Chile,1,2,2,,1,1,1,1,1,2020-09-28
Mexico,2,3,2,4,3,2,2,1,3,2020-09-28
California,2,3,2,4,3,3,3,2,3,2020-09-28
Illinois,4,3,2,4,4,4,3,4,4,2020-09-28
Michigan,3,3,3,4,3,4,3,3,3,2020-09-28
NewYork,3,3,2,4,4,4,3,2,3,2020-09-28
Texas,4,3,4,4,4,4,3,4,4,2020-09-28
Alberta,3,2,4,4,3,4,4,4,3,2020-09-28
BritishColumbia,3,2,2,3,3,3,3,4,4,2020-09-28
Manitoba,4,2,2,4,4,4,4,3,4,2020-09-28
NewBrunswick,4,2,3,4,4,4,4,4,4,2020-09-28
NewfoundlandAndLabrador,4,2,3,4,4,4,3,4,4,2020-09-28
NorthwestTerritories,2,2,2,4,4,3,3,3,3,2020-09-28
NovaScotia,4,2,4,4,4,4,4,4,4,2020-09-28
Nunavut,3,2,3,4,3,3,4,4,4,2020-09-28
Ontario,4,2,2,4,4,4,3,4,4,2020-09-28
PrinceEdwardIsland,4,2,3,4,4,4,3,4,4,2020-09-28
Quebec,4,2,4,4,4,4,4,4,4,2020-09-28
Saskatchewan,4,2,2,4,4,4,4,3,4,2020-09-28
Yukon,3,2,3,4,4,3,4,3,2,2020-09-28
Belgium,4,3,3,4,4,4,4,5,3,2020-10-05
France,4,3,2,4,4,4,3,5,4,2020-10-05
Germany,4,3,4,4,4,4,4,4,4,2020-10-05
Ireland,4,3,2,4,4,4,4,4,4,2020-10-05
Luxembourg,4,3,2,4,3,3,4,3,4,2020-10-05
Netherlands,4,3,3,4,4,4,4,4,4,2020-10-05
Portugal,4,3,2,4,4,4,3,3,3,2020-10-05
Spain,4,3,2,4,4,4,3,4,4,2020-10-05
UnitedKingdom,4,3,2,4,4,4,3,4,4,2020-10-05
CzechRepublic,2,3,2,4,4,4,3,3,4,2020-10-05
Hungary,4,2,4,4,4,4,4,4,4,2020-10-05
Latvia,4,3,4,4,4,4,4,4,4,2020-10-05
Lithuania,4,3,4,4,4,4,4,4,4,2020-10-05
Poland,4,3,4,4,4,4,4,4,4,2020-10-05
Slovakia,4,3,3,4,4,4,4,4,4,2020-10-05
Austria,3,3,3,4,4,4,4,4,3,2020-10-05
Greece,4,3,2,,4,4,4,4,4,2020-10-05
Italy,4,3,4,4,4,4,4,4,4,2020-10-05
Slovenia,4,3,2,,4,4,4,4,4,2020-10-05
Switzerland,4,3,5,,4,4,4,4,4,2020-10-05
Australia,3,2,3,4,3,3,3,4,3,2020-10-05
Israel,1,2,2,4,1,1,1,1,1,2020-10-05
Japan,4,3,4,4,4,4,4,3,4,2020-10-05
NewZealand,4,2,4,4,4,4,4,4,4,2020-10-05
SouthKorea,3,3,3,4,4,3,3,3,3,2020-10-05
Turkey,4,3,4,4,4,4,4,2,3,2020-10-05
Denmark,4,3,3,4,4,4,4,4,4,2020-10-05
Estonia,4,3,4,4,4,4,4,4,4,2020-10-05
Finland,4,3,4,4,4,4,4,4,4,2020-10-05
Iceland,4,3,2,4,4,3,4,4,4,2020-10-05
Norway,4,3,4,4,4,4,4,4,4,2020-10-05
Sweden,4,3,3,4,4,4,4,4,4,2020-10-05
Chile,1,2,2,,1,1,1,1,1,2020-10-05
Mexico,2,3,2,4,3,2,2,1,3,2020-10-05
California,2,3,2,4,3,3,3,2,3,2020-10-05
Illinois,4,3,2,4,4,4,3,4,4,2020-10-05
Michigan,3,3,3,4,3,4,3,3,3,2020-10-05
NewYork,3,3,2,4,4,4,4,4,4,2020-10-05
Texas,4,3,4,4,4,4,3,4,4,2020-10-05
Alberta,3,2,4,4,3,4,4,4,3,2020-10-05
BritishColumbia,3,2,2,3,3,3,3,4,4,2020-10-05
Manitoba,4,2,2,4,4,4,4,3,4,2020-10-05
NewBrunswick,4,2,3,4,4,4,4,4,4,2020-10-05
NewfoundlandAndLabrador,4,2,3,4,4,4,3,4,4,2020-10-05
NorthwestTerritories,2,2,2,4,4,3,3,3,3,2020-10-05
NovaScotia,4,2,4,4,4,4,4,4,4,2020-10-05
Nunavut,3,2,3,4,3,3,4,4,4,2020-10-05
Ontario,4,2,2,4,4,4,3,4,4,2020-10-05
PrinceEdwardIsland,4,2,3,4,4,4,3,4,4,2020-10-05
Quebec,4,2,4,4,4,4,4,4,4,2020-10-05
Saskatchewan,4,2,2,4,4,4,4,3,4,2020-10-05
Yukon,3,2,3,4,4,3,4,3,2,2020-10-05
Belgium,4,3,2,4,4,4,4,5,3,2020-10-13
France,4,3,2,4,4,4,3,5,4,2020-10-13
Germany,4,3,4,4,4,4,4,4,4,2020-10-13
Ireland,4,3,2,4,4,3,3,4,4,2020-10-13
Luxembourg,4,3,2,4,3,3,4,3,4,2020-10-13
Netherlands,4,3,3,4,4,4,4,4,4,2020-10-13
Portugal,4,3,2,4,4,4,3,3,3,2020-10-13
Spain,4,3,2,4,4,4,4,4,4,2020-10-13
UnitedKingdom,4,3,2,4,4,4,3,4,4,2020-10-13
CzechRepublic,2,3,2,4,4,2,2,2,3,2020-10-13
Hungary,4,2,4,4,4,4,4,4,4,2020-10-13
Latvia,4,3,3,4,4,3,3,3,3,2020-10-13
Lithuania,4,3,4,4,4,4,4,4,4,2020-10-13
Poland,3,3,3,4,4,4,3,4,4,2020-10-13
Slovakia,4,3,2,4,4,3,2,4,4,2020-10-13
Austria,3,3,3,4,4,4,4,4,3,2020-10-13
Greece,4,3,2,,4,4,4,4,4,2020-10-13
Italy,4,3,4,4,4,4,4,4,4,2020-10-13
Slovenia,4,3,2,,4,4,3,4,4,2020-10-13
Switzerland,4,3,5,,4,4,4,4,4,2020-10-13
Australia,3,2,3,4,3,3,3,4,3,2020-10-13
Israel,1,2,2,4,1,1,1,1,1,2020-10-13
Japan,4,3,4,4,4,4,4,3,4,2020-10-13
NewZealand,5,2,5,5,5,5,4,5,4,2020-10-13
SouthKorea,4,3,5,4,4,4,4,3,4,2020-10-13
Turkey,4,3,4,4,4,4,4,2,3,2020-10-13
Denmark,4,3,3,4,4,4,4,4,4,2020-10-13
Estonia,4,3,4,4,4,4,4,4,4,2020-10-13
Finland,4,3,4,4,4,4,4,4,4,2020-10-13
Iceland,4,3,2,4,4,3,4,4,4,2020-10-13
Norway,4,3,4,4,4,4,4,4,4,2020-10-13
Sweden,4,3,3,4,4,4,4,4,4,2020-10-13
Chile,1,2,2,,1,1,1,1,1,2020-10-13
Mexico,2,3,2,4,3,2,2,1,3,2020-10-13
California,4,3,2,4,3,4,3,4,3,2020-10-13
Illinois,4,3,2,4,4,4,3,4,4,2020-10-13
Michigan,3,3,3,4,3,4,3,3,3,2020-10-13
NewYork,3,3,2,4,4,4,4,4,4,2020-10-13
Texas,4,3,4,4,4,4,4,4,4,2020-10-13
Alberta,3,2,4,4,3,4,4,4,3,2020-10-13
BritishColumbia,3,2,2,3,3,3,3,4,4,2020-10-13
Manitoba,4,2,2,4,4,4,4,3,4,2020-10-13
NewBrunswick,3,2,3,4,3,3,3,3,4,2020-10-13
NewfoundlandAndLabrador,4,2,3,4,4,4,3,4,4,2020-10-13
NorthwestTerritories,2,2,2,4,4,3,3,3,3,2020-10-13
NovaScotia,4,2,4,4,4,4,4,4,4,2020-10-13
Nunavut,3,2,3,4,3,4,4,4,4,2020-10-13
Ontario,4,2,2,4,4,4,3,4,4,2020-10-13
PrinceEdwardIsland,4,2,3,4,4,4,3,4,4,2020-10-13
Quebec,4,2,4,4,4,4,4,4,4,2020-10-13
Saskatchewan,4,2,2,4,4,4,4,3,4,2020-10-13
Yukon,3,2,3,4,4,3,4,3,2,2020-10-13
Belgium,4,3,2,4,4,4,2,5,3,2020-10-19
France,4,3,2,4,4,4,3,5,4,2020-10-19
Germany,4,3,2,4,4,4,4,4,4,2020-10-19
Ireland,4,3,2,4,4,3,3,4,4,2020-10-19
Luxembourg,4,3,2,4,3,3,4,3,4,2020-10-19
Netherlands,4,3,2,4,4,3,2,4,4,2020-10-19
Portugal,4,3,2,4,4,4,3,3,3,2020-10-19
Spain,4,3,2,4,4,4,4,4,4,2020-10-19
UnitedKingdom,4,3,2,4,4,4,3,4,4,2020-10-19
CzechRepublic,2,3,2,4,4,2,2,2,4,2020-10-19
Hungary,4,2,4,4,4,4,4,4,4,2020-10-19
Latvia,3,3,3,4,4,3,3,3,4,2020-10-19
Lithuania,4,3,4,4,4,4,4,4,4,2020-10-19
Poland,3,3,3,4,4,4,3,3,4,2020-10-19
Slovakia,4,3,2,4,4,3,2,4,4,2020-10-19
Austria,3,3,3,4,4,4,4,4,3,2020-10-19
Greece,4,3,2,,4,4,4,4,4,2020-10-19
Italy,4,3,4,4,4,4,3,4,4,2020-10-19
Slovenia,4,3,2,,4,4,3,3,4,2020-10-19
Switzerland,4,3,4,,4,4,4,4,4,2020-10-19
Australia,3,2,3,4,3,3,3,4,3,2020-10-19
Israel,1,2,2,4,1,2,2,2,2,2020-10-19
Japan,4,3,4,4,4,4,4,3,4,2020-10-19
NewZealand,5,2,5,5,5,5,4,5,4,2020-10-19
SouthKorea,4,3,5,4,4,4,4,3,4,2020-10-19
Turkey,4,3,4,4,4,4,4,2,3,2020-10-19
Denmark,4,3,3,4,4,4,4,4,4,2020-10-19
Estonia,4,3,4,4,4,4,4,4,4,2020-10-19
Finland,4,3,4,4,4,4,4,4,4,2020-10-19
Iceland,4,3,2,4,4,3,4,4,4,2020-10-19
Norway,4,3,4,4,4,4,4,4,4,2020-10-19
Sweden,4,3,3,4,4,4,4,4,4,2020-10-19
Chile,1,2,2,,1,1,1,1,1,2020-10-19
Mexico,2,3,2,4,3,2,2,1,3,2020-10-19
California,4,3,2,4,3,4,3,4,3,2020-10-19
Illinois,4,3,2,4,4,4,3,4,4,2020-10-19
Michigan,3,3,3,4,3,4,3,3,3,2020-10-19
NewYork,3,3,2,4,4,4,4,4,4,2020-10-19
Texas,4,3,4,4,4,4,4,4,4,2020-10-19
Alberta,3,2,4,4,3,4,4,4,3,2020-10-19
BritishColumbia,3,2,2,3,3,3,3,4,4,2020-10-19
Manitoba,3,2,2,4,4,3,3,3,4,2020-10-19
NewBrunswick,3,2,3,4,3,3,3,3,4,2020-10-19
NewfoundlandAndLabrador,4,2,3,4,4,4,4,4,4,2020-10-19
NorthwestTerritories,2,2,2,4,4,3,3,3,3,2020-10-19
NovaScotia,4,2,4,4,4,4,4,4,4,2020-10-19
Nunavut,3,2,3,4,3,4,4,4,4,2020-10-19
Ontario,4,2,2,4,4,4,3,4,4,2020-10-19
PrinceEdwardIsland,4,2,3,4,4,4,4,4,4,2020-10-19
Quebec,4,2,4,4,4,3,3,4,4,2020-10-19
Saskatchewan,4,2,2,4,4,4,4,3,4,2020-10-19
Yukon,3,2,3,4,4,3,4,3,2,2020-10-19
Belgium,3,3,2,4,4,3,2,4,3,2020-10-26
France,4,3,2,4,4,4,3,5,4,2020-10-26
Germany,4,3,2,4,4,4,4,4,4,2020-10-26
Ireland,1,3,2,4,1,3,2,2,2,2020-10-26
Luxembourg,4,3,2,4,3,3,4,3,4,2020-10-26
Netherlands,4,3,2,4,4,3,2,4,4,2020-10-26
Portugal,4,3,2,4,4,4,3,3,3,2020-10-26
Spain,4,3,2,4,4,4,4,4,4,2020-10-26
UnitedKingdom,4,3,2,4,4,4,3,4,4,2020-10-26
CzechRepublic,1,2,2,3,2,2,2,2,2,2020-10-26
Hungary,4,2,4,4,4,4,4,4,4,2020-10-26
Latvia,3,3,3,4,4,3,3,3,4,2020-10-26
Lithuania,4,3,4,4,4,4,4,3,4,2020-10-26
Poland,2,3,2,3,3,2,2,2,3,2020-10-26
Slovakia,4,3,2,4,4,3,2,4,4,2020-10-26
Austria,3,3,2,4,4,4,4,4,3,2020-10-26
Greece,4,3,2,,4,4,4,4,4,2020-10-26
Italy,3,3,4,4,4,3,3,4,4,2020-10-26
Slovenia,4,3,2,,4,4,3,3,1,2020-10-26
Switzerland,4,3,4,,4,4,4,4,4,2020-10-26
Australia,3,2,3,4,3,3,3,4,3,2020-10-26
Israel,1,2,2,4,1,2,2,2,2,2020-10-26
Japan,4,3,4,4,4,4,4,3,4,2020-10-26
NewZealand,5,2,5,5,5,5,4,5,4,2020-10-26
SouthKorea,4,3,5,4,4,4,4,3,4,2020-10-26
Turkey,4,3,4,4,4,4,4,2,3,2020-10-26
Denmark,4,3,2,4,4,4,4,4,4,2020-10-26
Estonia,4,3,4,4,4,4,4,4,4,2020-10-26
Finland,4,3,4,4,4,4,4,4,4,2020-10-26
Iceland,4,3,2,4,4,4,4,4,4,2020-10-26
Norway,4,3,4,4,4,4,4,4,4,2020-10-26
Sweden,4,3,3,4,4,4,4,4,4,2020-10-26
Chile,1,2,2,,1,1,1,1,1,2020-10-26
Mexico,2,3,2,4,3,2,2,1,3,2020-10-26
California,4,3,2,4,3,4,3,4,3,2020-10-26
Illinois,4,3,2,4,4,4,3,4,4,2020-10-26
Michigan,3,3,3,4,3,4,3,3,3,2020-10-26
NewYork,3,3,2,4,4,4,4,4,4,2020-10-26
Texas,4,3,4,4,4,4,4,4,4,2020-10-26
Alberta,3,2,4,4,4,4,4,4,4,2020-10-26
BritishColumbia,3,2,2,3,3,3,3,4,4,2020-10-26
Manitoba,3,2,2,4,4,3,3,3,4,2020-10-26
NewBrunswick,3,2,3,4,3,3,3,3,4,2020-10-26
NewfoundlandAndLabrador,4,2,3,4,4,4,4,4,4,2020-10-26
NorthwestTerritories,2,2,2,4,4,3,3,3,3,2020-10-26
NovaScotia,4,2,4,4,4,4,4,4,4,2020-10-26
Nunavut,3,2,3,4,3,4,4,4,4,2020-10-26
Ontario,4,2,2,4,4,4,3,4,4,2020-10-26
PrinceEdwardIsland,4,2,3,4,4,4,4,4,4,2020-10-26
Quebec,4,2,4,4,4,3,3,4,4,2020-10-26
Saskatchewan,4,2,2,4,4,4,4,3,4,2020-10-26
Yukon,3,2,3,4,4,3,4,3,2,2020-10-26
Belgium,3,3,2,4,2,3,2,2,1,2020-11-02
France,1,3,1,4,1,2,2,5,1,2020-11-02
Germany,1,3,2,4,3,2,2,4,3,2020-11-02
Ireland,1,3,2,4,1,3,2,2,2,2020-11-02
Luxembourg,4,3,2,4,3,3,4,3,4,2020-11-02
Netherlands,4,3,2,4,4,3,2,4,4,2020-11-02
Portugal,4,3,2,4,4,4,3,3,3,2020-11-02
Spain,4,3,2,4,4,4,4,4,4,2020-11-02
UnitedKingdom,1,3,2,4,1,2,2,4,2,2020-11-02
CzechRepublic,1,2,2,3,2,2,2,2,2,2020-11-02
Hungary,4,2,4,4,4,4,4,4,4,2020-11-02
Latvia,3,3,3,4,4,3,3,3,4,2020-11-02
Lithuania,4,3,4,4,4,4,4,2,4,2020-11-02
Poland,2,3,2,3,3,2,2,2,3,2020-11-02
Slovakia,1,3,2,4,4,2,2,4,4,2020-11-02
Austria,3,3,2,4,4,4,2,4,3,2020-11-02
Greece,4,3,2,,4,4,4,3,4,2020-11-02
Italy,3,3,4,4,4,3,3,4,4,2020-11-02
Slovenia,4,3,2,4,4,4,3,3,1,2020-11-02
Switzerland,4,3,3,,4,4,4,4,4,2020-11-02
Australia,3,2,3,4,3,3,3,4,3,2020-11-02
Israel,1,2,2,4,3,2,2,2,2,2020-11-02
Japan,4,3,4,4,4,4,4,3,4,2020-11-02
NewZealand,5,2,5,5,5,5,4,5,4,2020-11-02
SouthKorea,4,3,5,4,4,4,4,3,4,2020-11-02
Turkey,4,3,4,4,4,4,4,2,3,2020-11-02
Denmark,4,3,2,4,4,4,4,4,4,2020-11-02
Estonia,4,3,4,4,4,4,4,4,4,2020-11-02
Finland,4,3,4,4,4,4,4,4,4,2020-11-02
Iceland,4,3,2,4,4,2,4,4,4,2020-11-02
Norway,4,3,2,4,4,4,4,4,4,2020-11-02
Sweden,4,3,4,4,4,4,4,4,4,2020-11-02
Chile,1,2,2,,1,1,1,1,1,2020-11-02
Mexico,2,3,2,4,3,2,2,1,3,2020-11-02
California,4,3,2,4,3,4,3,4,3,2020-11-02
Illinois,4,3,2,4,4,4,3,4,4,2020-11-02
Michigan,3,3,3,4,3,4,3,3,3,2020-11-02
NewYork,3,3,2,4,4,4,4,4,4,2020-11-02
Texas,4,3,4,4,4,4,4,4,4,2020-11-02
Alberta,3,2,4,4,4,4,4,4,4,2020-11-02
BritishColumbia,3,2,2,3,3,3,3,4,4,2020-11-02
Manitoba,3,2,2,4,3,3,3,3,3,2020-11-02
NewBrunswick,3,2,3,4,3,3,4,4,4,2020-11-02
NewfoundlandAndLabrador,4,2,3,4,4,4,4,4,4,2020-11-02
NorthwestTerritories,2,2,2,4,4,3,3,3,3,2020-11-02
NovaScotia,4,2,4,4,4,4,4,4,4,2020-11-02
Nunavut,3,2,3,4,3,4,4,4,4,2020-11-02
Ontario,4,2,2,4,4,4,3,4,4,2020-11-02
PrinceEdwardIsland,4,2,3,4,4,4,4,4,4,2020-11-02
Quebec,4,2,4,4,4,3,3,4,4,2020-11-02
Saskatchewan,4,2,2,4,4,4,4,3,4,2020-11-02
Yukon,3,2,3,4,4,3,4,3,2,2020-11-02
Belgium,3,3,2,4,2,3,2,2,1,2020-11-09
France,1,3,1,4,1,2,2,5,1,2020-11-09
Germany,1,3,2,4,3,2,2,4,3,2020-11-09
Ireland,1,3,2,4,1,3,2,2,2,2020-11-09
Luxembourg,4,3,2,4,3,3,4,3,4,2020-11-09
Netherlands,1,3,2,4,4,2,2,4,4,2020-11-09
Portugal,4,3,2,4,4,4,3,3,3,2020-11-09
Spain,4,3,2,4,4,4,4,4,4,2020-11-09
UnitedKingdom,1,3,2,4,1,2,2,4,2,2020-11-09
CzechRepublic,1,2,2,2,2,2,2,2,2,2020-11-09
Hungary,4,2,4,4,4,4,4,4,4,2020-11-09
Latvia,3,3,2,3,3,2,2,2,2,2020-11-09
Lithuania,2,3,2,3,2,2,2,2,2,2020-11-09
Poland,1,3,2,3,3,2,2,2,3,2020-11-09
Slovakia,1,3,2,3,3,2,2,3,3,2020-11-09
Austria,2,3,2,4,4,4,2,4,3,2020-11-09
Greece,4,3,2,,4,4,2,3,1,2020-11-09
Italy,3,3,2,4,4,3,3,4,4,2020-11-09
Slovenia,4,3,2,4,4,4,3,1,3,2020-11-09
Switzerland,4,3,3,,4,4,4,4,4,2020-11-09
Australia,3,2,3,4,3,3,3,4,4,2020-11-09
Israel,1,2,2,4,3,2,2,2,3,2020-11-09
Japan,4,3,4,4,4,4,4,3,4,2020-11-09
NewZealand,5,2,5,5,5,5,4,5,4,2020-11-09
SouthKorea,4,3,5,4,4,4,4,3,4,2020-11-09
Turkey,4,3,4,4,4,4,4,2,3,2020-11-09
Denmark,4,3,2,4,4,4,4,4,4,2020-11-09
Estonia,4,3,4,4,4,4,4,4,4,2020-11-09
Finland,4,3,4,4,4,4,4,4,4,2020-11-09
Iceland,4,3,2,4,4,2,4,4,4,2020-11-09
Norway,4,3,2,4,4,4,4,4,4,2020-11-09
Sweden,4,3,4,4,4,4,4,4,4,2020-11-09
Chile,1,2,2,,1,1,1,1,1,2020-11-09
Mexico,2,3,2,4,3,2,2,1,3,2020-11-09
California,4,3,2,4,4,4,3,4,4,2020-11-09
Illinois,4,3,2,4,4,4,2,4,4,2020-11-09
Michigan,3,3,3,4,3,4,3,3,3,2020-11-09
NewYork,3,3,2,4,4,4,4,4,4,2020-11-09
Texas,4,3,4,4,4,4,4,4,4,2020-11-09
Alberta,3,2,4,4,4,4,4,4,4,2020-11-09
BritishColumbia,3,2,1,3,3,2,3,4,4,2020-11-09
Manitoba,3,2,2,4,3,3,3,3,3,2020-11-09
NewBrunswick,4,2,2,4,3,3,4,4,4,2020-11-09
NewfoundlandAndLabrador,4,2,3,4,4,4,4,4,4,2020-11-09
NorthwestTerritories,2,2,2,4,4,3,3,3,3,2020-11-09
NovaScotia,4,2,4,4,4,4,4,4,4,2020-11-09
Nunavut,3,2,3,4,3,4,4,4,4,2020-11-09
Ontario,4,2,2,4,4,4,3,4,4,2020-11-09
PrinceEdwardIsland,4,2,3,4,4,4,4,4,4,2020-11-09
Quebec,4,2,4,4,4,3,3,4,4,2020-11-09
Saskatchewan,4,2,2,4,4,4,4,3,4,2020-11-09
Yukon,3,2,3,4,4,3,4,3,2,2020-11-09
Belgium,3,3,2,4,2,3,2,2,1,2020-11-16
France,1,3,1,4,1,2,2,5,1,2020-11-16
Germany,1,3,2,4,3,2,2,4,3,2020-11-16
Ireland,1,3,2,4,1,3,2,2,2,2020-11-16
Luxembourg,4,3,2,4,3,3,4,3,4,2020-11-16
Netherlands,1,3,2,4,4,2,2,4,4,2020-11-16
Portugal,4,3,2,4,4,4,3,3,3,2020-11-16
Spain,4,3,2,4,4,4,4,4,4,2020-11-16
UnitedKingdom,1,3,2,4,1,2,2,4,2,2020-11-16
CzechRepublic,1,2,2,2,2,2,2,2,2,2020-11-16
Hungary,2,2,1,3,3,2,2,2,2,2020-11-16
Latvia,2,3,2,3,2,2,2,2,2,2020-11-16
Lithuania,2,3,2,3,2,2,2,2,2,2020-11-16
Poland,1,2,2,3,3,2,2,2,2,2020-11-16
Slovakia,3,2,2,3,3,4,2,3,3,2020-11-16
Austria,2,3,2,4,3,3,2,2,1,2020-11-16
Greece,4,3,2,,4,4,2,2,1,2020-11-16
Italy,3,3,2,4,4,3,3,4,4,2020-11-16
Slovenia,4,3,1,4,4,4,3,1,1,2020-11-16
Switzerland,4,3,2,,4,4,4,4,4,2020-11-16
Australia,3,2,3,4,3,3,3,4,4,2020-11-16
Israel,1,2,2,4,3,2,2,2,3,2020-11-16
Japan,4,3,4,4,4,4,4,3,4,2020-11-16
NewZealand,5,2,5,5,5,5,4,5,4,2020-11-16
SouthKorea,4,3,4,4,4,4,4,3,4,2020-11-16
Turkey,4,3,4,4,4,4,4,2,3,2020-11-16
Denmark,4,3,2,4,4,4,4,4,4,2020-11-16
Estonia,4,3,4,4,4,4,4,4,4,2020-11-16
Finland,4,3,4,4,4,4,4,4,4,2020-11-16
Iceland,4,3,2,4,4,2,4,4,4,2020-11-16
Norway,4,3,2,4,4,4,4,4,4,2020-11-16
Sweden,4,3,4,4,4,4,4,4,4,2020-11-16
Chile,2,2,2,,1,2,2,1,2,2020-11-16
Mexico,2,3,2,4,3,3,2,3,3,2020-11-16
California,4,3,2,4,4,4,3,4,4,2020-11-16
Illinois,4,3,2,4,4,4,2,4,4,2020-11-16
Michigan,3,3,2,4,3,2,3,3,3,2020-11-16
NewYork,3,3,2,4,4,4,4,4,4,2020-11-16
Texas,4,3,4,4,4,4,4,4,4,2020-11-16
Alberta,3,2,2,4,4,3,4,4,4,2020-11-16
BritishColumbia,3,2,1,3,3,2,3,4,4,2020-11-16
Manitoba,1,2,2,4,1,2,2,3,2,2020-11-16
NewBrunswick,4,3,2,4,3,3,4,4,4,2020-11-16
NewfoundlandAndLabrador,4,2,3,4,4,4,4,4,4,2020-11-16
NorthwestTerritories,2,2,2,4,4,3,3,3,3,2020-11-16
NovaScotia,4,3,4,4,4,4,4,4,4,2020-11-16
Nunavut,3,2,3,4,3,4,4,4,4,2020-11-16
Ontario,4,2,2,4,4,4,3,4,4,2020-11-16
PrinceEdwardIsland,4,2,3,4,4,4,4,4,4,2020-11-16
Quebec,4,2,4,4,4,3,3,4,4,2020-11-16
Saskatchewan,4,2,2,4,4,4,4,3,4,2020-11-16
Yukon,3,2,3,4,4,3,4,3,2,2020-11-16
Belgium,3,3,2,4,2,3,2,2,1,2020-11-23
France,1,3,1,4,1,2,2,5,1,2020-11-23
Germany,1,3,2,4,3,2,2,4,3,2020-11-23
Ireland,1,3,2,4,1,3,2,2,2,2020-11-23
Luxembourg,4,3,2,4,3,3,4,3,4,2020-11-23
Netherlands,4,3,2,4,4,4,2,4,4,2020-11-23
Portugal,4,3,2,4,4,4,3,3,3,2020-11-23
Spain,4,3,2,4,4,4,4,4,4,2020-11-23
UnitedKingdom,1,3,2,4,1,2,2,4,2,2020-11-23
CzechRepublic,2,2,2,2,2,2,2,3,2,2020-11-23
Hungary,2,2,1,3,3,1,2,3,2,2020-11-23
Latvia,2,3,2,3,2,2,2,2,2,2020-11-23
Lithuania,2,3,2,3,2,2,2,2,2,2020-11-23
Poland,1,2,2,3,3,2,2,2,2,2020-11-23
Slovakia,3,3,2,3,3,4,2,3,3,2020-11-23
Austria,2,3,2,4,3,3,2,2,1,2020-11-23
Greece,4,3,2,,4,4,2,2,1,2020-11-23
Italy,3,3,2,4,4,3,3,4,4,2020-11-23
Slovenia,4,3,1,4,4,4,3,1,1,2020-11-23
Switzerland,4,3,2,,4,4,4,4,4,2020-11-23
Australia,3,2,3,4,3,3,3,4,4,2020-11-23
Israel,1,2,2,4,3,2,2,3,3,2020-11-23
Japan,4,3,4,4,4,4,4,3,4,2020-11-23
NewZealand,5,2,5,5,5,5,4,5,4,2020-11-23
SouthKorea,4,3,3,4,4,3,3,3,4,2020-11-23
Turkey,4,3,4,4,4,3,3,1,3,2020-11-23
Denmark,4,3,2,4,4,4,4,4,4,2020-11-23
Estonia,4,3,4,4,4,4,4,4,4,2020-11-23
Finland,4,3,4,4,4,4,4,4,4,2020-11-23
Iceland,4,3,2,4,4,2,4,4,4,2020-11-23
Norway,4,3,2,4,4,4,4,4,4,2020-11-23
Sweden,4,3,4,4,4,4,4,4,4,2020-11-23
Chile,3,4,2,,1,2,2,1,3,2020-11-23
Mexico,3,3,2,4,3,3,3,3,3,2020-11-23
California,2,3,2,4,4,3,3,3,3,2020-11-23
Illinois,1,3,2,4,3,3,2,4,3,2020-11-23
Michigan,3,3,2,4,3,2,3,3,3,2020-11-23
NewYork,3,3,2,4,4,4,4,3,4,2020-11-23
Texas,4,3,4,4,4,4,4,4,4,2020-11-23
Alberta,3,2,2,4,4,3,4,4,4,2020-11-23
BritishColumbia,3,2,1,3,3,2,3,4,4,2020-11-23
Manitoba,1,2,2,4,1,2,2,3,2,2020-11-23
NewBrunswick,4,2,2,4,3,3,4,4,4,2020-11-23
NewfoundlandAndLabrador,4,2,3,4,4,4,4,4,4,2020-11-23
NorthwestTerritories,2,2,2,4,4,3,3,3,3,2020-11-23
NovaScotia,4,3,3,4,4,4,4,4,4,2020-11-23
Nunavut,1,2,2,4,1,1,2,1,1,2020-11-23
Ontario,4,2,2,4,4,4,3,4,4,2020-11-23
PrinceEdwardIsland,4,2,3,4,4,4,4,4,4,2020-11-23
Quebec,2,2,2,4,4,3,2,4,4,2020-11-23
Saskatchewan,4,2,2,4,4,4,4,3,4,2020-11-23
Yukon,3,2,3,4,4,3,4,3,2,2020-11-23
Belgium,3,3,2,4,2,3,2,2,4,2020-11-30
France,1,3,1,4,1,2,2,5,1,2020-11-30
Germany,1,3,2,4,3,2,2,4,3,2020-11-30
Ireland,1,3,2,4,1,3,2,2,2,2020-11-30
Luxembourg,4,3,2,4,3,3,4,3,4,2020-11-30
Netherlands,4,3,2,4,4,4,2,4,4,2020-11-30
Portugal,3,3,2,4,4,3,2,3,3,2020-11-30
Spain,4,3,2,4,4,4,4,4,4,2020-11-30
UnitedKingdom,1,3,2,4,1,2,2,4,2,2020-11-30
CzechRepublic,3,2,2,3,2,3,3,3,3,2020-11-30
Hungary,2,2,1,3,3,1,2,3,2,2020-11-30
Latvia,2,3,2,3,2,2,2,2,2,2020-11-30
Lithuania,2,3,2,3,2,2,2,2,2,2020-11-30
Poland,2,3,2,3,3,2,2,2,2,2020-11-30
Slovakia,3,3,2,3,3,4,2,3,3,2020-11-30
Austria,2,3,2,4,3,3,2,2,1,2020-11-30
Greece,4,3,2,,4,4,2,2,1,2020-11-30
Italy,3,3,2,4,4,3,3,4,4,2020-11-30
Slovenia,4,3,1,4,4,4,3,1,1,2020-11-30
Switzerland,4,3,2,,4,4,4,4,4,2020-11-30
Australia,3,2,3,4,3,3,3,4,4,2020-11-30
Israel,1,2,2,4,3,2,2,3,3,2020-11-30
Japan,4,3,4,4,4,4,3,3,4,2020-11-30
NewZealand,5,2,5,5,5,5,4,5,4,2020-11-30
SouthKorea,4,3,3,4,4,3,3,3,4,2020-11-30
Turkey,4,3,4,4,4,3,3,1,3,2020-11-30
Denmark,4,3,2,4,4,4,4,4,4,2020-11-30
Estonia,3,3,4,4,4,4,4,4,4,2020-11-30
Finland,4,3,4,4,4,4,4,4,4,2020-11-30
Iceland,4,3,2,4,4,2,4,4,4,2020-11-30
Norway,4,3,2,4,4,4,4,4,4,2020-11-30
Sweden,4,3,2,4,4,4,4,4,4,2020-11-30
Chile,3,4,2,,3,2,2,3,3,2020-11-30
Mexico,3,3,2,4,3,3,3,3,3,2020-11-30
California,2,3,2,4,4,3,3,3,3,2020-11-30
Illinois,1,3,2,4,3,3,2,4,3,2020-11-30
Michigan,3,3,2,4,3,2,3,3,3,2020-11-30
NewYork,3,3,2,4,4,4,4,3,4,2020-11-30
Texas,4,3,4,4,4,4,4,4,4,2020-11-30
Alberta,3,2,2,4,4,3,4,3,4,2020-11-30
BritishColumbia,3,2,1,3,3,2,3,4,4,2020-11-30
Manitoba,1,2,2,4,1,2,2,3,2,2020-11-30
NewBrunswick,4,2,2,4,3,3,4,4,4,2020-11-30
NewfoundlandAndLabrador,4,2,3,4,4,4,4,4,4,2020-11-30
NorthwestTerritories,2,2,2,4,4,3,3,3,3,2020-11-30
NovaScotia,4,3,3,4,4,4,4,4,4,2020-11-30
Nunavut,1,2,2,4,1,1,2,1,1,2020-11-30
Ontario,4,2,2,4,4,4,3,4,4,2020-11-30
PrinceEdwardIsland,4,2,3,4,4,4,4,4,4,2020-11-30
Quebec,2,2,2,4,4,3,2,4,4,2020-11-30
Saskatchewan,4,2,2,4,4,3,4,3,4,2020-11-30
Yukon,3,2,3,4,4,3,4,3,2,2020-11-30
Belgium,3,3,2,4,2,3,2,2,4,2020-12-07
France,1,3,1,4,3,2,2,5,2,2020-12-07
Germany,1,3,2,4,3,2,2,4,3,2020-12-07
Ireland,4,3,2,4,4,4,3,2,3,2020-12-07
Luxembourg,4,3,2,4,3,3,4,3,4,2020-12-07
Netherlands,4,3,2,4,4,4,2,4,4,2020-12-07
Portugal,3,3,2,4,4,3,2,3,3,2020-12-07
Spain,4,3,2,4,4,4,4,4,4,2020-12-07
UnitedKingdom,1,3,2,4,4,4,2,4,4,2020-12-07
CzechRepublic,3,2,2,3,2,3,3,3,3,2020-12-07
Hungary,2,2,1,3,3,1,2,3,2,2020-12-07
Latvia,1,3,2,3,2,2,2,2,2,2020-12-07
Lithuania,2,3,2,3,2,2,2,2,2,2020-12-07
Poland,3,3,2,3,3,2,2,2,2,2020-12-07
Slovakia,3,3,2,3,3,4,2,3,3,2020-12-07
Austria,3,3,2,4,3,3,2,3,2,2020-12-07
Greece,4,3,2,,4,4,2,2,2,2020-12-07
Italy,3,3,2,4,4,3,3,4,4,2020-12-07
Slovenia,4,3,1,4,4,4,3,1,1,2020-12-07
Switzerland,4,3,2,,4,4,4,4,4,2020-12-07
Australia,3,2,3,4,3,3,4,4,4,2020-12-07
Israel,2,2,2,4,3,2,2,3,3,2020-12-07
Japan,4,3,4,4,4,4,3,3,4,2020-12-07
NewZealand,5,2,5,5,5,5,4,5,4,2020-12-07
SouthKorea,3,3,3,4,3,3,3,3,3,2020-12-07
Turkey,4,3,2,4,4,3,3,1,3,2020-12-07
Denmark,4,3,2,4,4,4,4,4,4,2020-12-07
Estonia,3,3,4,4,4,4,3,4,3,2020-12-07
Finland,4,3,4,4,4,4,4,4,4,2020-12-07
Iceland,4,3,2,4,4,2,4,4,4,2020-12-07
Norway,4,3,2,4,4,4,4,4,4,2020-12-07
Sweden,4,3,2,4,4,4,4,3,4,2020-12-07
Chile,3,4,2,,3,2,2,3,3,2020-12-07
Mexico,4,3,2,4,4,3,3,3,3,2020-12-07
California,2,3,2,4,4,3,3,3,3,2020-12-07
Illinois,1,3,2,4,3,3,2,4,3,2020-12-07
Michigan,3,3,2,4,3,2,3,3,3,2020-12-07
NewYork,3,3,2,4,4,4,4,3,4,2020-12-07
Texas,4,3,4,4,4,4,4,4,4,2020-12-07
Alberta,3,2,2,4,4,3,3,3,3,2020-12-07
BritishColumbia,3,2,1,3,3,2,3,4,4,2020-12-07
Manitoba,1,2,2,4,1,2,2,3,2,2020-12-07
NewBrunswick,4,3,2,4,3,4,4,4,4,2020-12-07
NewfoundlandAndLabrador,4,2,3,4,4,4,4,4,4,2020-12-07
NorthwestTerritories,2,2,2,4,4,3,3,3,3,2020-12-07
NovaScotia,4,3,3,4,4,3,3,4,4,2020-12-07
Nunavut,3,2,2,4,4,4,4,3,4,2020-12-07
Ontario,4,2,2,4,4,4,3,4,4,2020-12-07
PrinceEdwardIsland,4,2,3,4,4,4,4,4,4,2020-12-07
Quebec,2,2,2,4,3,3,2,4,4,2020-12-07
Saskatchewan,4,2,2,4,4,3,4,3,4,2020-12-07
Yukon,3,2,3,4,4,3,4,3,2,2020-12-07
Belgium,3,3,2,4,2,3,2,2,4,2020-12-14
France,1,3,1,4,3,2,2,5,2,2020-12-14
Germany,1,3,2,4,1,2,2,1,2,2020-12-14
Ireland,4,3,2,4,4,4,3,2,3,2020-12-14
Luxembourg,4,3,2,4,3,3,4,3,4,2020-12-14
Netherlands,4,3,2,4,4,4,2,4,4,2020-12-14
Portugal,3,3,2,4,4,3,2,3,3,2020-12-14
Spain,4,3,2,4,4,4,4,4,4,2020-12-14
UnitedKingdom,1,3,2,4,4,4,2,4,4,2020-12-14
CzechRepublic,3,2,2,3,2,3,2,3,2,2020-12-14
Hungary,2,2,1,3,3,1,2,2,2,2020-12-14
Latvia,2,3,2,3,2,2,2,2,2,2020-12-14
Lithuania,2,3,1,3,2,2,2,2,1,2020-12-14
Poland,3,3,2,3,3,2,2,1,2,2020-12-14
Slovakia,3,3,2,3,3,4,2,3,3,2020-12-14
Austria,3,3,2,4,3,3,2,3,2,2020-12-14
Greece,1,3,2,,3,4,2,2,2,2020-12-14
Italy,3,3,2,4,4,3,3,4,4,2020-12-14
Slovenia,4,3,1,4,3,3,2,1,1,2020-12-14
Switzerland,4,3,2,,4,4,4,4,4,2020-12-14
Australia,3,2,3,4,3,3,4,4,4,2020-12-14
Israel,2,2,2,4,3,2,2,3,4,2020-12-14
Japan,4,3,4,4,4,4,3,3,4,2020-12-14
NewZealand,5,2,5,5,5,5,4,5,4,2020-12-14
SouthKorea,3,3,3,4,3,3,3,3,3,2020-12-14
Turkey,4,3,2,4,4,3,3,1,3,2020-12-14
Denmark,4,3,2,4,4,4,4,4,4,2020-12-14
Estonia,3,3,4,4,4,3,3,2,3,2020-12-14
Finland,4,3,4,4,4,4,4,4,4,2020-12-14
Iceland,4,3,2,4,4,3,4,4,4,2020-12-14
Norway,4,3,2,4,4,4,4,4,4,2020-12-14
Sweden,4,3,2,4,4,4,4,3,4,2020-12-14
Chile,3,4,2,,3,2,2,3,3,2020-12-14
Mexico,4,3,2,4,4,3,3,3,3,2020-12-14
California,2,3,2,4,3,3,2,3,4,2020-12-14
Illinois,1,3,2,4,3,3,2,4,3,2020-12-14
Michigan,3,3,2,4,3,2,3,3,3,2020-12-14
NewYork,3,3,2,4,4,4,4,3,4,2020-12-14
Texas,4,3,4,4,4,4,4,4,4,2020-12-14
Alberta,2,2,2,4,4,2,3,3,2,2020-12-14
BritishColumbia,3,2,1,3,3,2,3,4,4,2020-12-14
Manitoba,1,2,2,4,1,2,2,3,2,2020-12-14
NewBrunswick,4,3,2,4,4,4,4,4,4,2020-12-14
NewfoundlandAndLabrador,4,2,2,4,4,4,4,4,4,2020-12-14
NorthwestTerritories,2,2,2,4,4,3,3,3,3,2020-12-14
NovaScotia,4,3,3,4,4,3,3,4,4,2020-12-14
Nunavut,3,2,2,4,4,4,4,3,4,2020-12-14
Ontario,4,2,2,4,4,4,3,4,4,2020-12-14
PrinceEdwardIsland,2,2,2,4,3,2,2,4,3,2020-12-14
Quebec,2,2,2,4,4,3,2,4,4,2020-12-14
Saskatchewan,4,2,2,4,4,3,4,3,4,2020-12-14
Yukon,3,2,3,4,4,3,4,3,2,2020-12-14
Belgium,3,3,2,4,2,3,2,2,4,2020-12-21
France,1,3,1,4,3,2,2,5,2,2020-12-21
Germany,1,3,2,4,1,2,2,1,2,2020-12-21
Ireland,4,3,2,4,4,4,3,2,3,2020-12-21
Luxembourg,4,3,2,4,3,3,4,3,4,2020-12-21
Netherlands,1,3,2,4,1,1,1,1,1,2020-12-21
Portugal,3,3,2,4,4,3,2,3,3,2020-12-21
Spain,4,3,2,4,4,4,4,4,4,2020-12-21
UnitedKingdom,1,3,2,4,1,2,2,3,1,2020-12-21
CzechRepublic,3,2,2,3,2,2,2,2,2,2020-12-21
Hungary,1,2,1,3,2,1,2,2,2,2020-12-21
Latvia,2,3,2,3,2,2,2,2,2,2020-12-21
Lithuania,2,1,1,3,2,2,2,2,1,2020-12-21
Poland,3,3,2,3,3,2,2,2,2,2020-12-21
Slovakia,1,3,1,3,2,2,2,2,1,2020-12-21
Austria,3,3,2,4,3,3,2,3,2,2020-12-21
Greece,1,3,2,,3,4,2,2,2,2020-12-21
Italy,3,3,2,4,4,3,3,4,4,2020-12-21
Slovenia,4,3,1,4,3,3,2,1,1,2020-12-21
Switzerland,4,3,2,,4,4,4,4,4,2020-12-21
Australia,3,2,3,4,3,3,4,4,4,2020-12-21
Israel,2,2,2,4,3,2,2,3,4,2020-12-21
Japan,4,3,4,4,4,4,3,3,4,2020-12-21
NewZealand,5,2,5,5,5,5,4,5,4,2020-12-21
SouthKorea,3,3,3,4,3,3,3,3,3,2020-12-21
Turkey,4,3,2,4,4,3,3,1,3,2020-12-21
Denmark,1,3,2,4,1,2,2,1,2,2020-12-21
Estonia,3,3,4,4,4,3,3,2,3,2020-12-21
Finland,4,3,4,4,4,4,4,4,4,2020-12-21
Iceland,4,3,2,4,4,3,4,4,4,2020-12-21
Norway,4,3,2,4,4,4,4,4,4,2020-12-21
Sweden,4,3,2,4,4,4,4,3,3,2020-12-21
Chile,3,4,2,,3,2,2,3,3,2020-12-21
Mexico,4,3,2,4,4,3,3,3,3,2020-12-21
California,2,3,2,4,3,3,2,3,4,2020-12-21
Illinois,1,3,2,4,3,3,2,4,3,2020-12-21
Michigan,3,3,2,4,3,4,2,4,4,2020-12-21
NewYork,3,3,2,4,4,4,4,3,4,2020-12-21
Texas,4,3,4,4,4,4,4,4,4,2020-12-21
Alberta,2,2,2,4,4,2,3,3,2,2020-12-21
BritishColumbia,3,2,1,3,3,2,3,4,4,2020-12-21
Manitoba,1,2,2,4,1,2,2,3,2,2020-12-21
NewBrunswick,4,3,2,4,4,4,4,2,4,2020-12-21
NewfoundlandAndLabrador,4,2,2,4,4,4,4,4,4,2020-12-21
NorthwestTerritories,2,2,2,4,4,3,3,3,3,2020-12-21
NovaScotia,4,3,3,4,4,3,2,4,3,2020-12-21
Nunavut,3,2,2,4,4,4,4,3,4,2020-12-21
Ontario,4,2,2,4,4,4,3,4,4,2020-12-21
PrinceEdwardIsland,3,2,3,4,3,4,3,4,3,2020-12-21
Quebec,2,2,2,4,4,3,2,4,4,2020-12-21
Saskatchewan,4,2,2,4,3,2,4,3,4,2020-12-21
Yukon,3,2,3,4,4,3,4,3,2,2020-12-21
Belgium,3,3,2,4,2,3,2,3,4,2020-12-28
France,1,3,1,4,3,2,2,5,2,2020-12-28
Germany,1,3,2,4,1,2,2,1,2,2020-12-28
Ireland,4,3,2,4,4,4,3,2,3,2020-12-28
Luxembourg,1,3,2,4,1,3,4,3,1,2020-12-28
Netherlands,1,3,2,4,1,1,1,1,1,2020-12-28
Portugal,3,3,2,4,4,3,2,3,3,2020-12-28
Spain,4,3,2,4,4,4,4,4,4,2020-12-28
UnitedKingdom,1,3,2,4,1,2,2,3,1,2020-12-28
CzechRepublic,2,2,2,4,2,1,2,2,1,2020-12-28
Hungary,1,2,1,4,2,1,2,1,1,2020-12-28
Latvia,1,3,2,4,2,2,2,1,1,2020-12-28
Lithuania,1,1,1,4,2,2,2,1,1,2020-12-28
Poland,2,3,2,4,2,2,2,2,2,2020-12-28
Slovakia,1,3,1,4,2,1,2,1,1,2020-12-28
Austria,1,3,2,4,2,2,2,1,2,2020-12-28
Greece,1,3,2,,3,4,2,2,2,2020-12-28
Italy,3,3,2,4,4,2,2,3,3,2020-12-28
Slovenia,3,3,1,4,3,2,2,1,2,2020-12-28
Switzerland,4,3,2,,4,2,2,4,4,2020-12-28
Australia,3,2,3,4,3,3,4,4,4,2020-12-28
Israel,1,2,2,4,1,1,1,3,2,2020-12-28
Japan,4,2,4,4,4,4,3,3,4,2020-12-28
NewZealand,5,2,5,5,5,5,4,5,4,2020-12-28
SouthKorea,3,3,2,4,3,2,3,3,3,2020-12-28
Turkey,4,3,2,4,4,3,3,1,3,2020-12-28
Denmark,1,3,2,4,1,2,2,1,1,2020-12-28
Estonia,3,3,4,4,4,3,3,2,3,2020-12-28
Finland,4,3,4,4,4,4,4,4,4,2020-12-28
Iceland,4,3,2,4,4,3,4,4,4,2020-12-28
Norway,4,3,2,4,4,4,4,4,4,2020-12-28
Sweden,4,3,2,4,4,4,4,3,3,2020-12-28
Chile,3,4,2,,3,2,2,3,3,2020-12-28
Mexico,4,3,2,4,4,3,3,3,3,2020-12-28
California,2,3,2,4,3,3,2,3,4,2020-12-28
Illinois,1,3,2,4,3,3,2,4,3,2020-12-28
Michigan,3,3,2,4,3,4,2,4,4,2020-12-28
NewYork,3,3,2,4,4,4,4,3,4,2020-12-28
Texas,4,3,4,4,4,4,4,4,4,2020-12-28
Alberta,2,2,2,4,2,2,2,3,2,2020-12-28
BritishColumbia,3,2,1,3,3,2,3,4,4,2020-12-28
Manitoba,1,2,2,4,1,2,2,3,2,2020-12-28
NewBrunswick,4,3,2,4,4,3,4,2,3,2020-12-28
NewfoundlandAndLabrador,4,2,2,4,4,4,4,4,4,2020-12-28
NorthwestTerritories,2,2,2,4,4,3,3,3,3,2020-12-28
NovaScotia,4,3,2,4,4,3,2,3,3,2020-12-28
Nunavut,3,2,2,4,4,4,4,3,4,2020-12-28
Ontario,1,2,2,4,1,2,2,2,1,2020-12-28
PrinceEdwardIsland,3,2,3,4,3,3,3,4,3,2020-12-28
Quebec,2,2,2,4,4,3,2,4,4,2020-12-28
Saskatchewan,4,2,2,4,3,2,4,3,3,2020-12-28
Yukon,3,2,3,4,4,3,4,3,2,2020-12-28
Belgium,3,3,2,4,2,3,2,3,4,2021-01-04
France,1,3,1,4,3,2,2,5,2,2021-01-04
Germany,1,3,2,4,1,2,2,1,2,2021-01-04
Ireland,4,3,2,4,4,4,3,2,3,2021-01-04
Luxembourg,1,3,2,4,1,3,4,3,1,2021-01-04
Netherlands,1,3,2,4,1,1,1,1,1,2021-01-04
Portugal,3,3,2,4,4,3,2,3,3,2021-01-04
Spain,4,3,2,4,4,4,4,4,4,2021-01-04
UnitedKingdom,1,3,2,4,1,2,2,3,1,2021-01-04
CzechRepublic,2,3,2,4,2,1,2,2,1,2021-01-04
Hungary,1,2,2,4,2,2,2,2,1,2021-01-04
Latvia,2,3,2,4,2,2,2,2,1,2021-01-04
Lithuania,1,1,1,4,2,2,2,2,1,2021-01-04
Poland,2,3,2,4,3,2,2,2,2,2021-01-04
Slovakia,1,1,1,4,2,1,2,1,1,2021-01-04
Austria,1,3,2,4,2,2,2,1,2,2021-01-04
Greece,1,3,2,,2,4,2,2,1,2021-01-04
Italy,1,3,2,4,4,2,2,3,3,2021-01-04
Slovenia,2,3,1,4,3,3,2,1,2,2021-01-04
Switzerland,1,3,2,,4,2,2,4,4,2021-01-04
Australia,3,2,3,4,3,3,4,4,4,2021-01-04
Israel,1,2,2,4,1,1,1,3,2,2021-01-04
Japan,4,2,4,4,4,4,3,3,4,2021-01-04
NewZealand,5,2,5,5,5,5,4,5,4,2021-01-04
SouthKorea,3,3,2,4,3,2,3,3,3,2021-01-04
Turkey,4,3,2,4,4,3,3,1,3,2021-01-04
Denmark,1,3,2,4,1,2,2,1,1,2021-01-04
Estonia,3,3,4,4,4,3,3,2,3,2021-01-04
Finland,4,3,4,4,4,4,4,4,4,2021-01-04
Iceland,4,3,2,4,4,3,4,4,4,2021-01-04
Norway,4,3,2,4,4,4,4,4,4,2021-01-04
Sweden,4,3,2,4,4,4,4,3,3,2021-01-04
Chile,3,4,2,,3,2,2,3,3,2021-01-04
Mexico,4,3,2,4,4,3,3,3,3,2021-01-04
California,2,3,2,4,3,3,2,3,4,2021-01-04
Illinois,1,3,2,4,3,3,2,4,3,2021-01-04
Michigan,3,3,2,4,3,4,2,4,4,2021-01-04
NewYork,3,3,2,4,4,4,4,3,4,2021-01-04
Texas,4,3,4,4,4,4,4,4,4,2021-01-04
Alberta,2,2,2,4,2,2,2,2,2,2021-01-04
BritishColumbia,3,2,1,3,3,2,3,4,4,2021-01-04
Manitoba,1,2,2,4,1,2,2,3,2,2021-01-04
NewBrunswick,4,3,2,4,4,4,4,3,4,2021-01-04
NewfoundlandAndLabrador,4,2,3,4,4,4,4,4,4,2021-01-04
NorthwestTerritories,2,2,2,4,4,3,3,3,3,2021-01-04
NovaScotia,4,3,2,4,4,3,4,3,4,2021-01-04
Nunavut,3,2,2,4,4,4,4,3,4,2021-01-04
Ontario,1,2,2,4,1,2,2,2,1,2021-01-04
PrinceEdwardIsland,3,2,3,4,3,3,3,4,3,2021-01-04
Quebec,2,2,2,4,4,3,2,4,4,2021-01-04
Saskatchewan,4,2,2,4,3,2,4,3,3,2021-01-04
Yukon,3,2,3,4,4,3,4,3,2,2021-01-04
Belgium,3,3,2,4,2,3,2,3,4,2021-01-11
France,1,3,1,4,3,2,2,5,2,2021-01-11
Germany,1,3,2,4,1,2,2,1,1,2021-01-11
Ireland,4,3,2,4,4,4,3,2,3,2021-01-11
Luxembourg,1,3,2,4,3,3,2,3,4,2021-01-11
Netherlands,1,3,2,4,1,1,1,1,1,2021-01-11
Portugal,3,3,2,4,4,3,2,3,3,2021-01-11
Spain,4,3,2,4,4,4,4,4,4,2021-01-11
UnitedKingdom,1,3,2,4,1,2,2,2,1,2021-01-11
CzechRepublic,2,2,2,4,2,2,2,2,1,2021-01-11
Hungary,1,2,2,4,2,2,2,2,1,2021-01-11
Latvia,2,3,2,4,2,2,2,2,1,2021-01-11
Lithuania,1,1,1,4,2,2,2,2,1,2021-01-11
Poland,2,3,2,4,3,2,2,2,2,2021-01-11
Slovakia,1,1,1,4,2,1,2,1,1,2021-01-11
Austria,1,3,2,4,2,2,2,1,2,2021-01-11
Greece,1,3,2,,2,4,2,3,1,2021-01-11
Italy,1,3,2,4,4,2,2,3,3,2021-01-11
Slovenia,2,3,1,4,3,3,2,1,2,2021-01-11
Switzerland,1,3,2,,4,2,2,3,4,2021-01-11
Australia,3,2,3,4,3,3,4,4,4,2021-01-11
Israel,1,2,2,4,1,1,1,1,1,2021-01-11
Japan,4,2,4,4,4,4,3,3,4,2021-01-11
NewZealand,5,2,5,5,5,5,4,5,4,2021-01-11
SouthKorea,3,3,2,4,3,2,3,3,3,2021-01-11
Turkey,4,3,2,4,4,3,3,1,3,2021-01-11
Denmark,1,3,2,4,1,2,2,1,1,2021-01-11
Estonia,3,3,4,4,4,3,3,3,3,2021-01-11
Finland,4,3,4,4,4,4,4,4,4,2021-01-11
Iceland,4,3,2,4,4,3,4,4,4,2021-01-11
Norway,4,3,2,4,4,4,4,4,4,2021-01-11
Sweden,4,3,2,4,4,4,4,3,3,2021-01-11
Chile,2,4,2,,3,3,2,3,3,2021-01-11
Mexico,4,4,2,4,4,3,3,3,3,2021-01-11
California,2,3,2,4,3,3,2,3,4,2021-01-11
Illinois,1,3,2,4,3,3,2,4,3,2021-01-11
Michigan,3,3,2,4,3,4,2,4,4,2021-01-11
NewYork,3,3,2,4,4,4,4,3,4,2021-01-11
Texas,4,3,4,4,4,4,4,4,4,2021-01-11
Alberta,1,2,2,4,2,2,2,3,2,2021-01-11
BritishColumbia,3,2,1,3,3,3,3,4,4,2021-01-11
Manitoba,1,2,2,4,1,2,2,3,1,2021-01-11
NewBrunswick,4,2,2,4,2,4,3,3,4,2021-01-11
NewfoundlandAndLabrador,4,2,3,4,4,4,4,4,4,2021-01-11
NorthwestTerritories,2,2,2,4,4,3,3,3,3,2021-01-11
NovaScotia,4,2,2,4,4,3,4,3,4,2021-01-11
Nunavut,3,2,2,4,4,4,4,3,4,2021-01-11
Ontario,1,2,2,4,1,2,2,2,1,2021-01-11
PrinceEdwardIsland,3,2,3,4,3,4,4,4,3,2021-01-11
Quebec,2,2,2,4,3,3,2,4,2,2021-01-11
Saskatchewan,4,2,2,4,3,2,4,3,3,2021-01-11
Yukon,3,2,3,4,4,3,4,3,2,2021-01-11
Belgium,3,3,2,4,2,3,2,3,4,2021-01-18
France,2,3,2,4,3,2,2,5,2,2021-01-18
Germany,1,3,2,4,1,2,2,1,1,2021-01-18
Ireland,1,3,2,1,2,2,2,1,1,2021-01-18
Luxembourg,1,3,2,4,3,3,2,3,4,2021-01-18
Netherlands,1,3,2,4,1,1,1,1,1,2021-01-18
Portugal,1,3,2,4,1,1,2,5,1,2021-01-18
Spain,4,3,2,4,4,4,4,4,4,2021-01-18
UnitedKingdom,1,2,2,4,1,1,2,2,1,2021-01-18
CzechRepublic,2,2,2,4,2,2,2,2,1,2021-01-18
Hungary,1,2,2,4,2,2,2,3,1,2021-01-18
Latvia,2,3,2,4,2,2,2,2,1,2021-01-18
Lithuania,1,1,1,4,2,1,2,2,1,2021-01-18
Poland,2,3,2,4,3,2,2,3,2,2021-01-18
Slovakia,1,1,1,4,2,1,2,1,1,2021-01-18
Austria,1,3,2,4,2,2,2,1,2,2021-01-18
Greece,1,3,2,,4,4,2,3,4,2021-01-18
Italy,1,3,2,4,4,2,2,3,3,2021-01-18
Slovenia,2,3,1,4,3,3,2,1,2,2021-01-18
Switzerland,1,3,2,,4,2,2,3,1,2021-01-18
Australia,3,2,3,4,3,3,4,4,4,2021-01-18
Israel,1,2,2,4,1,1,1,1,1,2021-01-18
Japan,4,2,4,4,4,4,3,3,3,2021-01-18
NewZealand,5,2,5,5,5,5,4,5,4,2021-01-18
SouthKorea,3,3,2,4,3,3,3,3,3,2021-01-18
Turkey,4,3,2,4,4,3,3,1,3,2021-01-18
Denmark,1,3,2,4,1,2,2,1,1,2021-01-18
Estonia,3,3,4,4,4,3,3,3,3,2021-01-18
Finland,4,3,4,4,4,4,4,4,4,2021-01-18
Iceland,4,3,2,4,4,3,4,4,4,2021-01-18
Norway,4,3,2,4,4,4,4,4,4,2021-01-18
Sweden,4,3,2,4,4,4,4,3,3,2021-01-18
Chile,2,4,2,,3,3,2,3,3,2021-01-18
Mexico,4,4,2,4,4,3,3,3,3,2021-01-18
California,2,3,2,4,3,3,2,3,4,2021-01-18
Illinois,2,3,2,4,3,3,3,4,3,2021-01-18
Michigan,4,3,2,4,3,4,2,4,4,2021-01-18
NewYork,3,3,2,4,4,4,4,3,4,2021-01-18
Texas,4,3,4,4,4,4,4,4,4,2021-01-18
Alberta,1,2,2,4,3,2,2,3,2,2021-01-18
BritishColumbia,3,2,1,3,3,3,3,4,4,2021-01-18
Manitoba,1,2,2,4,1,2,2,3,1,2021-01-18
NewBrunswick,3,2,2,4,2,3,3,3,4,2021-01-18
NewfoundlandAndLabrador,4,2,3,4,4,4,4,4,4,2021-01-18
NorthwestTerritories,2,2,2,4,4,3,3,3,3,2021-01-18
NovaScotia,4,2,2,4,4,3,4,3,4,2021-01-18
Nunavut,3,2,2,4,4,4,4,3,4,2021-01-18
Ontario,1,2,2,4,1,2,2,2,1,2021-01-18
PrinceEdwardIsland,3,2,3,4,3,4,4,4,3,2021-01-18
Quebec,2,2,2,3,3,3,2,4,2,2021-01-18
Saskatchewan,4,2,2,4,3,2,4,3,3,2021-01-18
Yukon,3,2,3,4,4,3,4,3,2,2021-01-18
Belgium,3,2,2,4,2,3,2,3,4,2021-01-25
France,2,3,2,4,3,2,2,5,2,2021-01-25
Germany,1,3,2,4,1,2,2,1,1,2021-01-25
Ireland,1,3,2,1,2,2,2,1,1,2021-01-25
Luxembourg,1,3,2,4,3,3,2,3,4,2021-01-25
Netherlands,1,3,2,4,1,1,1,1,1,2021-01-25
Portugal,1,3,2,4,1,1,2,1,1,2021-01-25
Spain,4,3,2,4,4,4,4,4,4,2021-01-25
UnitedKingdom,1,2,2,4,1,1,2,2,1,2021-01-25
CzechRepublic,2,3,2,4,2,2,2,2,1,2021-01-25
Hungary,2,2,2,4,2,2,2,3,1,2021-01-25
Latvia,2,3,2,4,2,2,2,2,1,2021-01-25
Lithuania,1,2,2,4,2,1,2,2,1,2021-01-25
Poland,2,3,2,4,3,2,2,3,1,2021-01-25
Slovakia,1,2,2,4,2,1,2,2,1,2021-01-25
Austria,1,3,2,4,2,2,2,1,2,2021-01-25
Greece,1,3,2,,3,4,2,3,4,2021-01-25
Italy,1,3,2,4,4,2,2,3,3,2021-01-25
Slovenia,3,3,1,4,3,3,2,2,2,2021-01-25
Switzerland,1,3,2,,4,2,2,3,1,2021-01-25
Australia,3,2,3,4,3,3,4,4,4,2021-01-25
Israel,1,2,2,4,1,2,1,1,1,2021-01-25
Japan,4,2,4,4,4,4,3,3,3,2021-01-25
NewZealand,5,2,5,5,5,5,4,5,4,2021-01-25
SouthKorea,3,3,2,4,3,3,3,3,3,2021-01-25
Turkey,4,3,2,4,4,3,3,1,3,2021-01-25
Denmark,1,3,2,4,1,2,2,1,1,2021-01-25
Estonia,3,3,4,4,4,3,3,4,3,2021-01-25
Finland,4,3,4,4,4,4,4,4,4,2021-01-25
Iceland,4,3,2,4,4,3,4,4,4,2021-01-25
Norway,4,3,3,4,4,4,4,4,4,2021-01-25
Sweden,4,3,2,4,4,4,4,3,3,2021-01-25
Chile,2,4,2,,3,3,2,3,3,2021-01-25
Mexico,4,4,2,4,4,3,3,3,3,2021-01-25
California,2,3,2,4,3,3,2,3,4,2021-01-25
Illinois,3,3,2,4,4,3,3,4,3,2021-01-25
Michigan,4,3,2,4,3,4,2,4,4,2021-01-25
NewYork,3,3,2,4,4,4,4,3,4,2021-01-25
Texas,4,3,4,4,4,4,4,4,4,2021-01-25
Alberta,1,2,2,4,3,2,2,3,2,2021-01-25
BritishColumbia,3,2,1,3,3,3,3,4,4,2021-01-25
Manitoba,1,2,2,4,3,2,2,3,2,2021-01-25
NewBrunswick,3,2,2,4,2,2,2,2,3,2021-01-25
NewfoundlandAndLabrador,4,2,3,4,4,4,4,4,4,2021-01-25
NorthwestTerritories,2,2,2,4,4,3,3,3,3,2021-01-25
NovaScotia,4,2,2,4,4,3,4,3,4,2021-01-25
Nunavut,3,2,2,4,4,4,4,3,4,2021-01-25
Ontario,1,2,2,4,1,1,2,3,1,2021-01-25
PrinceEdwardIsland,4,2,3,4,3,4,4,4,4,2021-01-25
Quebec,2,2,2,3,3,3,2,4,2,2021-01-25
Saskatchewan,4,2,2,4,3,2,4,3,3,2021-01-25
Yukon,3,2,3,4,4,3,4,3,2,2021-01-25
Belgium,3,2,2,4,2,3,2,3,4,2021-02-01
France,2,2,2,4,3,2,2,5,2,2021-02-01
Germany,1,3,2,4,1,2,2,1,1,2021-02-01
Ireland,1,3,2,1,2,2,2,1,1,2021-02-01
Luxembourg,1,3,2,4,3,3,2,3,4,2021-02-01
Netherlands,1,3,2,4,1,1,1,1,1,2021-02-01
Portugal,1,3,2,4,1,1,2,1,1,2021-02-01
Spain,4,3,2,4,3,4,3,4,4,2021-02-01
UnitedKingdom,1,2,2,4,1,1,2,2,1,2021-02-01
CzechRepublic,2,2,2,4,2,2,2,2,1,2021-02-01
Hungary,2,2,2,4,2,2,2,3,1,2021-02-01
Latvia,2,3,2,4,2,2,2,2,1,2021-02-01
Lithuania,1,2,2,4,2,1,2,2,1,2021-02-01
Poland,3,3,2,4,3,2,2,3,3,2021-02-01
Slovakia,1,2,2,4,2,1,2,2,1,2021-02-01
Austria,1,3,2,4,2,2,2,1,2,2021-02-01
Greece,1,3,3,,3,4,2,3,4,2021-02-01
Italy,3,3,2,4,4,2,3,4,3,2021-02-01
Slovenia,3,3,1,4,3,3,2,2,2,2021-02-01
Switzerland,1,3,2,,4,2,2,3,1,2021-02-01
Australia,3,2,3,4,3,3,4,4,4,2021-02-01
Israel,1,2,2,4,1,2,1,1,1,2021-02-01
Japan,4,2,4,4,4,4,3,3,3,2021-02-01
NewZealand,5,2,5,5,5,5,4,5,4,2021-02-01
SouthKorea,3,3,2,4,3,3,3,3,3,2021-02-01
Turkey,4,3,2,4,4,3,3,1,3,2021-02-01
Denmark,1,3,2,4,1,2,2,1,1,2021-02-01
Estonia,3,3,4,4,4,3,3,4,3,2021-02-01
Finland,4,2,4,4,4,4,4,4,4,2021-02-01
Iceland,4,3,2,4,4,3,4,4,4,2021-02-01
Norway,4,2,3,4,4,4,4,4,4,2021-02-01
Sweden,4,3,2,4,4,4,4,3,3,2021-02-01
Chile,2,4,2,,3,3,2,3,3,2021-02-01
Mexico,4,4,2,4,4,3,3,2,2,2021-02-01
California,2,3,2,4,3,3,2,3,4,2021-02-01
Illinois,3,3,2,4,4,3,3,4,3,2021-02-01
Michigan,4,3,2,4,4,4,3,4,4,2021-02-01
NewYork,3,3,2,4,4,4,4,3,4,2021-02-01
Texas,4,3,4,4,4,4,4,4,4,2021-02-01
Alberta,1,2,2,4,3,2,2,3,2,2021-02-01
BritishColumbia,3,2,1,3,3,3,3,4,4,2021-02-01
Manitoba,1,2,2,4,3,2,2,3,2,2021-02-01
NewBrunswick,3,2,2,4,2,2,3,3,3,2021-02-01
NewfoundlandAndLabrador,4,2,3,4,4,4,4,4,4,2021-02-01
NorthwestTerritories,2,2,2,4,4,3,3,3,3,2021-02-01
NovaScotia,4,2,3,4,4,3,4,3,4,2021-02-01
Nunavut,3,2,2,4,4,4,4,3,4,2021-02-01
Ontario,1,2,2,4,1,1,2,3,1,2021-02-01
PrinceEdwardIsland,4,2,3,4,3,4,4,4,4,2021-02-01
Quebec,2,2,2,3,3,3,2,4,2,2021-02-01
Saskatchewan,4,2,2,4,3,2,4,3,3,2021-02-01
Yukon,3,2,3,4,4,3,4,3,2,2021-02-01
Belgium,3,2,2,4,3,3,2,3,4,2021-02-08
France,2,2,2,4,3,2,2,5,2,2021-02-08
Germany,1,3,2,4,1,2,2,1,1,2021-02-08
Ireland,1,3,2,1,2,2,2,1,1,2021-02-08
Luxembourg,1,3,2,4,3,3,2,2,4,2021-02-08
Netherlands,1,3,2,4,1,1,1,1,1,2021-02-08
Portugal,1,3,2,4,1,1,2,1,1,2021-02-08
Spain,4,3,2,4,3,4,3,4,4,2021-02-08
UnitedKingdom,1,2,2,4,1,1,2,2,1,2021-02-08
CzechRepublic,2,2,2,4,2,2,2,2,1,2021-02-08
Hungary,2,2,2,4,2,2,2,3,1,2021-02-08
Latvia,2,2,2,4,2,2,2,2,1,2021-02-08
Lithuania,1,2,2,4,2,1,2,2,1,2021-02-08
Poland,3,3,2,4,3,3,2,3,3,2021-02-08
Slovakia,2,2,2,4,2,2,2,3,2,2021-02-08
Austria,3,3,2,4,4,3,2,1,4,2021-02-08
Greece,1,3,3,,3,4,2,3,3,2021-02-08
Italy,3,3,2,4,4,2,4,4,3,2021-02-08
Slovenia,3,3,1,4,3,3,2,2,2,2021-02-08
Switzerland,1,3,2,,4,2,2,3,1,2021-02-08
Australia,3,2,3,4,3,3,4,4,4,2021-02-08
Israel,1,2,2,4,3,3,2,1,1,2021-02-08
Japan,4,2,4,4,4,4,3,3,3,2021-02-08
NewZealand,5,2,5,5,5,5,4,5,4,2021-02-08
SouthKorea,3,3,2,4,3,3,3,3,3,2021-02-08
Turkey,4,3,2,4,4,3,3,1,3,2021-02-08
Denmark,1,3,2,4,1,2,2,3,1,2021-02-08
Estonia,3,3,4,4,4,3,3,4,3,2021-02-08
Finland,4,2,4,4,4,4,4,4,4,2021-02-08
Iceland,4,3,2,4,4,4,4,4,4,2021-02-08
Norway,4,2,3,4,4,4,4,4,4,2021-02-08
Sweden,4,3,2,4,4,4,4,3,3,2021-02-08
Chile,2,4,2,,3,3,2,3,3,2021-02-08
Mexico,4,4,2,4,4,3,3,2,2,2021-02-08
California,2,3,2,4,4,4,3,3,4,2021-02-08
Illinois,3,3,2,4,4,3,3,4,3,2021-02-08
Michigan,4,3,2,4,4,4,3,4,4,2021-02-08
NewYork,3,3,2,4,4,4,4,3,4,2021-02-08
Texas,4,3,4,4,4,4,4,4,4,2021-02-08
Alberta,1,2,2,4,3,3,4,3,2,2021-02-08
BritishColumbia,3,2,1,3,3,3,3,4,4,2021-02-08
Manitoba,1,2,2,4,3,2,2,3,2,2021-02-08
NewBrunswick,3,2,2,4,2,2,3,3,3,2021-02-08
NewfoundlandAndLabrador,4,2,3,4,4,4,4,4,4,2021-02-08
NorthwestTerritories,2,2,2,4,4,3,3,3,3,2021-02-08
NovaScotia,4,2,3,4,4,4,4,3,4,2021-02-08
Nunavut,3,2,2,4,4,4,4,3,4,2021-02-08
Ontario,1,2,2,4,1,1,2,3,1,2021-02-08
PrinceEdwardIsland,4,2,3,4,3,4,4,4,4,2021-02-08
Quebec,3,2,2,3,4,3,2,4,4,2021-02-08
Saskatchewan,4,2,2,4,3,2,4,3,3,2021-02-08
Yukon,3,2,3,4,4,3,4,3,2,2021-02-08
Belgium,3,2,2,4,3,3,2,3,4,2021-02-15
France,2,2,2,4,3,2,2,5,2,2021-02-15
Germany,1,3,2,4,3,2,2,1,1,2021-02-15
Ireland,1,3,2,1,2,2,2,1,1,2021-02-15
Luxembourg,1,3,2,4,3,3,2,2,4,2021-02-15
Netherlands,1,3,2,4,1,1,1,1,1,2021-02-15
Portugal,1,3,2,4,1,1,2,1,1,2021-02-15
Spain,4,3,2,4,3,4,3,4,4,2021-02-15
UnitedKingdom,1,2,2,4,1,1,2,2,1,2021-02-15
CzechRepublic,2,2,2,4,2,2,2,2,1,2021-02-15
Hungary,2,2,2,4,2,2,2,3,1,2021-02-15
Latvia,2,2,2,4,2,2,2,2,1,2021-02-15
Lithuania,1,2,2,4,2,1,2,2,1,2021-02-15
Poland,3,3,3,4,3,3,2,3,3,2021-02-15
Slovakia,2,2,2,4,2,2,2,3,2,2021-02-15
Austria,3,3,2,4,4,3,2,1,4,2021-02-15
Greece,1,3,1,,3,4,2,2,1,2021-02-15
Italy,3,3,2,4,4,2,4,4,3,2021-02-15
Slovenia,3,3,1,4,3,3,2,4,2,2021-02-15
Switzerland,1,3,2,,4,2,2,3,1,2021-02-15
Australia,3,2,3,4,3,3,4,4,4,2021-02-15
Israel,1,2,2,4,3,3,2,2,1,2021-02-15
Japan,4,2,4,4,4,4,3,3,3,2021-02-15
NewZealand,4,2,3,4,4,4,4,4,4,2021-02-15
SouthKorea,4,3,2,4,3,3,3,3,4,2021-02-15
Turkey,4,3,2,4,4,3,3,1,3,2021-02-15
Denmark,1,3,2,4,1,2,2,3,1,2021-02-15
Estonia,3,3,4,4,4,3,3,4,3,2021-02-15
Finland,4,2,4,4,4,4,4,4,4,2021-02-15
Iceland,4,3,2,4,4,4,4,4,4,2021-02-15
Norway,4,2,3,4,4,4,4,4,4,2021-02-15
Sweden,4,3,2,4,4,4,4,3,3,2021-02-15
Chile,2,4,2,,3,3,2,3,3,2021-02-15
Mexico,4,4,2,4,4,3,3,2,2,2021-02-15
California,2,3,2,4,4,4,3,3,3,2021-02-15
Illinois,3,3,2,4,4,3,3,4,3,2021-02-15
Michigan,4,3,2,4,4,4,3,4,4,2021-02-15
NewYork,3,3,2,4,4,4,4,3,4,2021-02-15
Texas,4,3,4,4,4,4,4,4,4,2021-02-15
Alberta,1,2,2,4,3,3,4,3,2,2021-02-15
BritishColumbia,3,2,1,3,3,3,3,4,4,2021-02-15
Manitoba,3,2,3,4,4,4,3,3,3,2021-02-15
NewBrunswick,3,2,2,4,3,3,3,4,4,2021-02-15
NewfoundlandAndLabrador,3,2,2,4,1,2,2,1,1,2021-02-15
NorthwestTerritories,2,2,2,4,4,3,3,3,3,2021-02-15
NovaScotia,4,2,3,4,4,4,4,4,4,2021-02-15
Nunavut,3,2,2,4,4,4,4,3,4,2021-02-15
Ontario,3,2,2,4,2,2,2,3,2,2021-02-15
PrinceEdwardIsland,4,2,3,4,3,4,4,4,4,2021-02-15
Quebec,3,2,2,3,4,3,3,4,4,2021-02-15
Saskatchewan,4,2,2,4,3,2,4,3,3,2021-02-15
Yukon,3,2,3,4,4,3,4,3,2,2021-02-15
Belgium,3,2,2,4,3,3,2,3,4,2021-02-22
France,2,2,2,4,3,2,2,5,2,2021-02-22
Germany,1,3,2,4,3,2,2,1,1,2021-02-22
Ireland,1,3,2,1,2,2,2,1,1,2021-02-22
Luxembourg,1,3,2,4,3,3,2,2,4,2021-02-22
Netherlands,1,3,2,4,1,1,1,1,1,2021-02-22
Portugal,1,3,2,4,1,1,2,1,1,2021-02-22
Spain,4,3,2,4,3,4,3,4,4,2021-02-22
UnitedKingdom,1,2,2,4,1,1,2,2,1,2021-02-22
CzechRepublic,2,2,2,4,2,2,2,2,1,2021-02-22
Hungary,2,2,2,4,2,2,2,3,1,2021-02-22
Latvia,2,2,2,4,2,2,2,2,1,2021-02-22
Lithuania,1,2,2,4,3,1,2,2,2,2021-02-22
Poland,3,3,3,4,3,3,2,3,3,2021-02-22
Slovakia,2,2,2,4,2,2,2,2,2,2021-02-22
Austria,3,3,2,4,4,3,2,1,4,2021-02-22
Greece,1,3,1,,3,4,2,2,1,2021-02-22
Italy,3,3,2,4,4,2,4,4,3,2021-02-22
Slovenia,3,3,1,4,3,3,2,4,2,2021-02-22
Switzerland,1,3,2,,4,2,2,3,1,2021-02-22
Australia,3,2,3,4,3,3,4,4,4,2021-02-22
Israel,3,2,2,4,3,3,2,3,3,2021-02-22
Japan,4,2,4,4,4,4,3,3,3,2021-02-22
NewZealand,5,2,5,5,5,5,4,5,4,2021-02-22
SouthKorea,4,3,2,4,3,3,3,3,4,2021-02-22
Turkey,4,3,2,4,4,3,3,1,3,2021-02-22
Denmark,1,3,2,4,1,2,2,3,1,2021-02-22
Estonia,3,3,3,4,4,3,3,4,3,2021-02-22
Finland,4,2,4,4,4,4,4,4,4,2021-02-22
Iceland,4,3,2,4,4,4,4,4,4,2021-02-22
Norway,4,2,3,4,4,4,4,4,4,2021-02-22
Sweden,4,3,2,4,4,4,4,3,3,2021-02-22
Chile,2,4,2,,3,3,2,3,3,2021-02-22
Mexico,4,4,2,4,4,3,3,2,2,2021-02-22
California,2,3,2,4,4,4,3,3,3,2021-02-22
Illinois,3,3,2,4,4,3,3,4,3,2021-02-22
Michigan,4,3,2,4,4,4,3,4,4,2021-02-22
NewYork,3,3,2,4,4,4,4,3,4,2021-02-22
Texas,4,3,4,4,4,4,4,4,4,2021-02-22
Alberta,1,2,2,4,3,3,4,3,2,2021-02-22
BritishColumbia,3,2,1,3,3,3,3,4,4,2021-02-22
Manitoba,3,2,3,4,4,4,3,3,3,2021-02-22
NewBrunswick,4,2,2,4,4,4,4,4,4,2021-02-22
NewfoundlandAndLabrador,3,2,2,4,1,2,2,1,1,2021-02-22
NorthwestTerritories,2,2,2,4,4,3,3,3,3,2021-02-22
NovaScotia,4,2,3,4,4,4,4,4,4,2021-02-22
Nunavut,3,2,2,4,4,4,4,3,4,2021-02-22
Ontario,3,2,2,4,3,2,2,3,3,2021-02-22
PrinceEdwardIsland,4,2,3,4,3,4,4,4,4,2021-02-22
Quebec,3,2,2,3,4,4,3,4,4,2021-02-22
Saskatchewan,4,2,2,4,3,2,4,3,3,2021-02-22
Yukon,3,2,3,4,4,3,4,3,2,2021-02-22
Belgium,3,2,2,4,3,3,2,3,4,2021-03-01
France,2,3,2,4,3,2,2,5,2,2021-03-01
Germany,1,3,2,4,3,2,2,2,1,2021-03-01
Ireland,1,3,2,1,2,2,2,1,1,2021-03-01
Luxembourg,1,3,2,4,3,3,2,2,4,2021-03-01
Netherlands,1,3,2,4,1,1,1,1,1,2021-03-01
Portugal,1,3,2,4,1,1,2,1,1,2021-03-01
Spain,4,3,2,4,3,4,3,4,4,2021-03-01
UnitedKingdom,1,2,2,4,1,1,2,2,1,2021-03-01
CzechRepublic,1,2,2,3,1,2,2,2,1,2021-03-01
Hungary,2,2,2,4,2,2,2,3,1,2021-03-01
Latvia,2,2,2,4,3,2,2,2,1,2021-03-01
Lithuania,2,3,2,4,3,2,2,3,2,2021-03-01
Poland,4,3,3,4,4,3,2,3,3,2021-03-01
Slovakia,2,2,2,4,2,2,2,2,2,2021-03-01
Austria,3,3,2,4,4,3,2,1,4,2021-03-01
Greece,1,3,1,,3,4,2,2,1,2021-03-01
Italy,3,3,2,4,4,2,4,4,3,2021-03-01
Slovenia,3,3,1,4,3,3,2,4,2,2021-03-01
Switzerland,3,3,2,,4,3,2,3,3,2021-03-01
Australia,3,2,3,4,3,3,4,4,4,2021-03-01
Israel,3,2,2,4,3,3,2,3,3,2021-03-01
Japan,4,2,4,4,4,4,3,3,3,2021-03-01
NewZealand,4,2,3,4,4,4,4,4,4,2021-03-01
SouthKorea,4,3,2,4,3,3,3,3,4,2021-03-01
Turkey,4,3,2,4,4,3,3,3,3,2021-03-01
Denmark,2,3,2,4,1,3,2,3,3,2021-03-01
Estonia,3,3,3,4,4,3,3,3,3,2021-03-01
Finland,4,2,2,4,4,3,4,3,4,2021-03-01
Iceland,4,3,3,4,4,4,4,4,4,2021-03-01
Norway,4,2,3,4,4,4,4,4,4,2021-03-01
Sweden,4,3,2,4,4,3,4,3,3,2021-03-01
Chile,2,4,2,,3,3,2,3,3,2021-03-01
Mexico,4,4,2,4,4,4,3,2,3,2021-03-01
California,2,3,2,4,4,3,3,3,3,2021-03-01
Illinois,3,3,2,4,4,3,3,4,3,2021-03-01
Michigan,4,3,2,4,4,4,3,4,4,2021-03-01
NewYork,3,3,2,4,4,4,4,3,4,2021-03-01
Texas,4,3,4,4,4,4,4,4,4,2021-03-01
Alberta,1,2,2,4,3,3,4,3,2,2021-03-01
BritishColumbia,3,2,1,3,3,3,3,4,4,2021-03-01
Manitoba,3,2,3,4,4,4,3,3,3,2021-03-01
NewBrunswick,4,2,2,4,4,4,4,4,4,2021-03-01
NewfoundlandAndLabrador,3,2,2,4,4,2,2,1,3,2021-03-01
NorthwestTerritories,2,2,2,4,4,3,3,3,3,2021-03-01
NovaScotia,4,2,3,4,4,4,4,4,4,2021-03-01
Nunavut,3,2,2,4,4,4,4,4,4,2021-03-01
Ontario,3,2,2,4,3,2,2,3,3,2021-03-01
PrinceEdwardIsland,3,2,3,4,3,4,2,4,3,2021-03-01
Quebec,4,2,2,3,4,4,3,4,4,2021-03-01
Saskatchewan,4,2,2,4,3,2,4,3,3,2021-03-01
Yukon,3,2,3,4,4,3,4,3,2,2021-03-01
Belgium,3,2,2,4,3,3,2,3,4,2021-03-08
France,2,3,2,4,3,2,2,5,2,2021-03-08
Germany,1,3,2,4,3,2,2,2,1,2021-03-08
Ireland,1,3,2,1,2,2,2,1,1,2021-03-08
Luxembourg,1,3,2,4,3,3,2,2,4,2021-03-08
Netherlands,1,3,2,4,1,1,1,1,1,2021-03-08
Portugal,1,3,2,4,1,1,2,1,1,2021-03-08
Spain,4,3,2,4,3,4,3,4,4,2021-03-08
UnitedKingdom,1,2,2,4,1,1,2,5,1,2021-03-08
CzechRepublic,1,2,1,2,1,1,2,1,1,2021-03-08
Hungary,2,2,2,3,2,2,2,1,1,2021-03-08
Latvia,3,2,2,4,3,2,2,2,2,2021-03-08
Lithuania,3,3,2,4,3,3,2,3,3,2021-03-08
Poland,4,3,3,4,4,3,2,3,3,2021-03-08
Slovakia,2,2,2,3,2,2,2,1,2,2021-03-08
Austria,3,3,2,4,4,3,2,1,4,2021-03-08
Greece,1,3,1,,3,4,2,2,1,2021-03-08
Italy,3,3,2,4,4,2,4,4,3,2021-03-08
Slovenia,3,3,1,4,3,3,2,4,2,2021-03-08
Switzerland,3,3,2,,4,3,2,3,3,2021-03-08
Australia,3,2,3,4,3,3,4,4,4,2021-03-08
Israel,3,3,2,4,3,3,3,3,3,2021-03-08
Japan,4,2,4,4,4,4,3,3,3,2021-03-08
NewZealand,5,2,4,5,5,5,4,5,4,2021-03-08
SouthKorea,4,3,2,4,3,3,3,3,4,2021-03-08
Turkey,4,3,2,4,4,3,3,3,3,2021-03-08
Denmark,2,3,2,4,1,3,2,3,3,2021-03-08
Estonia,2,3,3,4,4,3,3,3,3,2021-03-08
Finland,4,2,2,4,4,3,2,3,4,2021-03-08
Iceland,4,3,3,4,4,4,4,4,4,2021-03-08
Norway,4,2,3,4,4,4,4,4,4,2021-03-08
Sweden,4,3,2,4,4,3,4,3,3,2021-03-08
Chile,2,4,2,,3,3,2,3,3,2021-03-08
Mexico,4,4,2,4,4,4,3,2,3,2021-03-08
California,2,3,2,4,4,3,3,3,3,2021-03-08
Illinois,3,3,2,4,4,3,3,4,3,2021-03-08
Michigan,4,3,3,4,4,4,3,4,4,2021-03-08
NewYork,3,3,2,4,4,4,4,3,4,2021-03-08
Texas,4,3,4,4,4,4,4,4,4,2021-03-08
Alberta,2,2,2,4,3,3,4,3,2,2021-03-08
BritishColumbia,3,2,1,3,3,3,3,4,4,2021-03-08
Manitoba,3,2,3,4,4,4,3,3,3,2021-03-08
NewBrunswick,4,2,2,4,4,4,4,4,4,2021-03-08
NewfoundlandAndLabrador,3,2,2,4,4,2,2,1,3,2021-03-08
NorthwestTerritories,2,2,2,4,4,3,3,3,3,2021-03-08
NovaScotia,4,2,3,4,4,4,4,4,4,2021-03-08
Nunavut,3,2,2,4,4,4,4,4,4,2021-03-08
Ontario,3,2,2,4,3,2,2,3,3,2021-03-08
PrinceEdwardIsland,3,2,3,4,3,4,3,4,4,2021-03-08
Quebec,4,2,3,3,4,4,3,4,4,2021-03-08
Saskatchewan,4,2,2,4,3,2,4,3,3,2021-03-08
Yukon,3,2,3,4,4,3,4,3,3,2021-03-08
